WARNING: A terminally deprecated method in sun.misc.Unsafe has been called
WARNING: sun.misc.Unsafe::staticFieldBase has been called by com.google.inject.internal.aop.HiddenClassDefiner (file:/opt/homebrew/Cellar/maven/3.9.11/libexec/lib/guice-5.1.0-classes.jar)
WARNING: Please consider reporting this to the maintainers of class com.google.inject.internal.aop.HiddenClassDefiner
WARNING: sun.misc.Unsafe::staticFieldBase will be removed in a future release
[INFO] Scanning for projects...
[INFO] 
[INFO] ----------------------< com.makabas:api-gateway >-----------------------
[INFO] Building api-gateway 1.0.0
[INFO]   from pom.xml
[INFO] --------------------------------[ jar ]---------------------------------
[INFO] 
[INFO] >>> spring-boot:3.2.2:run (default-cli) > test-compile @ api-gateway >>>
[INFO] 
[INFO] --- resources:3.3.1:resources (default-resources) @ api-gateway ---
[INFO] Copying 1 resource from src/main/resources to target/classes
[INFO] Copying 0 resource from src/main/resources to target/classes
[INFO] 
[INFO] --- compiler:3.11.0:compile (default-compile) @ api-gateway ---
[INFO] Nothing to compile - all classes are up to date
[INFO] 
[INFO] --- resources:3.3.1:testResources (default-testResources) @ api-gateway ---
[INFO] skip non existing resourceDirectory /Users/virul/Dev/makabasla-v2/backend-services/api-gateway/src/test/resources
[INFO] 
[INFO] --- compiler:3.11.0:testCompile (default-testCompile) @ api-gateway ---
[INFO] No sources to compile
[INFO] 
[INFO] <<< spring-boot:3.2.2:run (default-cli) < test-compile @ api-gateway <<<
[INFO] 
[INFO] 
[INFO] --- spring-boot:3.2.2:run (default-cli) @ api-gateway ---
[INFO] Attaching agents: []

  .   ____          _            __ _ _
 /\\ / ___'_ __ _ _(_)_ __  __ _ \ \ \ \
( ( )\___ | '_ | '_| | '_ \/ _` | \ \ \ \
 \\/  ___)| |_)| | | | | || (_| |  ) ) ) )
  '  |____| .__|_| |_|_| |_\__, | / / / /
 =========|_|==============|___/=/_/_/_/
 :: Spring Boot ::                (v3.2.2)

2026-02-11T21:01:50.491+05:30  INFO 24151 --- [api-gateway] [           main] c.makabas.gateway.ApiGatewayApplication  : Starting ApiGatewayApplication using Java 25 with PID 24151 (/Users/virul/Dev/makabasla-v2/backend-services/api-gateway/target/classes started by virul in /Users/virul/Dev/makabasla-v2/backend-services/api-gateway)
2026-02-11T21:01:50.491+05:30  INFO 24151 --- [api-gateway] [           main] c.makabas.gateway.ApiGatewayApplication  : No active profile set, falling back to 1 default profile: "default"
2026-02-11T21:01:50.797+05:30  INFO 24151 --- [api-gateway] [           main] o.s.cloud.context.scope.GenericScope     : BeanFactory id=e08da341-4b54-39e4-b66c-1a551ff166dc
2026-02-11T21:01:50.821+05:30  WARN 24151 --- [api-gateway] [           main] trationDelegate$BeanPostProcessorChecker : Bean 'org.springframework.cloud.client.loadbalancer.LoadBalancerAutoConfiguration$LoadBalancerInterceptorConfig' of type [org.springframework.cloud.client.loadbalancer.LoadBalancerAutoConfiguration$LoadBalancerInterceptorConfig] is not eligible for getting processed by all BeanPostProcessors (for example: not eligible for auto-proxying). The currently created BeanPostProcessor [lbRestClientPostProcessor] is declared through a non-static factory method on that class; consider declaring it as static instead.
2026-02-11T21:01:50.823+05:30  WARN 24151 --- [api-gateway] [           main] trationDelegate$BeanPostProcessorChecker : Bean 'org.springframework.cloud.loadbalancer.config.BlockingLoadBalancerClientAutoConfiguration' of type [org.springframework.cloud.loadbalancer.config.BlockingLoadBalancerClientAutoConfiguration] is not eligible for getting processed by all BeanPostProcessors (for example: not eligible for auto-proxying). Is this bean getting eagerly injected into a currently created BeanPostProcessor [lbRestClientPostProcessor]? Check the corresponding BeanPostProcessor declaration and its dependencies.
2026-02-11T21:01:50.823+05:30  WARN 24151 --- [api-gateway] [           main] trationDelegate$BeanPostProcessorChecker : Bean 'org.springframework.cloud.loadbalancer.config.LoadBalancerAutoConfiguration' of type [org.springframework.cloud.loadbalancer.config.LoadBalancerAutoConfiguration] is not eligible for getting processed by all BeanPostProcessors (for example: not eligible for auto-proxying). Is this bean getting eagerly injected into a currently created BeanPostProcessor [lbRestClientPostProcessor]? Check the corresponding BeanPostProcessor declaration and its dependencies.
2026-02-11T21:01:50.825+05:30  WARN 24151 --- [api-gateway] [           main] trationDelegate$BeanPostProcessorChecker : Bean 'org.springframework.cloud.commons.config.CommonsConfigAutoConfiguration' of type [org.springframework.cloud.commons.config.CommonsConfigAutoConfiguration] is not eligible for getting processed by all BeanPostProcessors (for example: not eligible for auto-proxying). Is this bean getting eagerly injected into a currently created BeanPostProcessor [lbRestClientPostProcessor]? Check the corresponding BeanPostProcessor declaration and its dependencies.
2026-02-11T21:01:50.825+05:30  WARN 24151 --- [api-gateway] [           main] trationDelegate$BeanPostProcessorChecker : Bean 'org.springframework.cloud.client.loadbalancer.LoadBalancerDefaultMappingsProviderAutoConfiguration' of type [org.springframework.cloud.client.loadbalancer.LoadBalancerDefaultMappingsProviderAutoConfiguration] is not eligible for getting processed by all BeanPostProcessors (for example: not eligible for auto-proxying). Is this bean getting eagerly injected into a currently created BeanPostProcessor [lbRestClientPostProcessor]? Check the corresponding BeanPostProcessor declaration and its dependencies.
2026-02-11T21:01:50.825+05:30  WARN 24151 --- [api-gateway] [           main] trationDelegate$BeanPostProcessorChecker : Bean 'loadBalancerClientsDefaultsMappingsProvider' of type [org.springframework.cloud.client.loadbalancer.LoadBalancerDefaultMappingsProviderAutoConfiguration$$Lambda/0x00007000012c0000] is not eligible for getting processed by all BeanPostProcessors (for example: not eligible for auto-proxying). Is this bean getting eagerly injected into a currently created BeanPostProcessor [lbRestClientPostProcessor]? Check the corresponding BeanPostProcessor declaration and its dependencies.
2026-02-11T21:01:50.826+05:30  WARN 24151 --- [api-gateway] [           main] trationDelegate$BeanPostProcessorChecker : Bean 'defaultsBindHandlerAdvisor' of type [org.springframework.cloud.commons.config.DefaultsBindHandlerAdvisor] is not eligible for getting processed by all BeanPostProcessors (for example: not eligible for auto-proxying). Is this bean getting eagerly injected into a currently created BeanPostProcessor [lbRestClientPostProcessor]? Check the corresponding BeanPostProcessor declaration and its dependencies.
2026-02-11T21:01:50.828+05:30  WARN 24151 --- [api-gateway] [           main] trationDelegate$BeanPostProcessorChecker : Bean 'spring.cloud.loadbalancer-org.springframework.cloud.client.loadbalancer.LoadBalancerClientsProperties' of type [org.springframework.cloud.client.loadbalancer.LoadBalancerClientsProperties] is not eligible for getting processed by all BeanPostProcessors (for example: not eligible for auto-proxying). Is this bean getting eagerly injected into a currently created BeanPostProcessor [lbRestClientPostProcessor]? Check the corresponding BeanPostProcessor declaration and its dependencies.
2026-02-11T21:01:50.829+05:30  WARN 24151 --- [api-gateway] [           main] trationDelegate$BeanPostProcessorChecker : Bean 'default.org.springframework.cloud.loadbalancer.config.LoadBalancerAutoConfiguration.LoadBalancerClientSpecification' of type [org.springframework.cloud.loadbalancer.annotation.LoadBalancerClientSpecification] is not eligible for getting processed by all BeanPostProcessors (for example: not eligible for auto-proxying). Is this bean getting eagerly injected into a currently created BeanPostProcessor [lbRestClientPostProcessor]? Check the corresponding BeanPostProcessor declaration and its dependencies.
2026-02-11T21:01:50.829+05:30  WARN 24151 --- [api-gateway] [           main] trationDelegate$BeanPostProcessorChecker : Bean 'default.org.springframework.cloud.loadbalancer.config.BlockingLoadBalancerClientAutoConfiguration.LoadBalancerClientSpecification' of type [org.springframework.cloud.loadbalancer.annotation.LoadBalancerClientSpecification] is not eligible for getting processed by all BeanPostProcessors (for example: not eligible for auto-proxying). Is this bean getting eagerly injected into a currently created BeanPostProcessor [lbRestClientPostProcessor]? Check the corresponding BeanPostProcessor declaration and its dependencies.
2026-02-11T21:01:50.830+05:30  WARN 24151 --- [api-gateway] [           main] trationDelegate$BeanPostProcessorChecker : Bean 'default.org.springframework.cloud.netflix.eureka.loadbalancer.LoadBalancerEurekaAutoConfiguration.LoadBalancerClientSpecification' of type [org.springframework.cloud.loadbalancer.annotation.LoadBalancerClientSpecification] is not eligible for getting processed by all BeanPostProcessors (for example: not eligible for auto-proxying). Is this bean getting eagerly injected into a currently created BeanPostProcessor [lbRestClientPostProcessor]? Check the corresponding BeanPostProcessor declaration and its dependencies.
2026-02-11T21:01:50.830+05:30  WARN 24151 --- [api-gateway] [           main] trationDelegate$BeanPostProcessorChecker : Bean 'loadBalancerClientFactory' of type [org.springframework.cloud.loadbalancer.support.LoadBalancerClientFactory] is not eligible for getting processed by all BeanPostProcessors (for example: not eligible for auto-proxying). Is this bean getting eagerly injected into a currently created BeanPostProcessor [lbRestClientPostProcessor]? Check the corresponding BeanPostProcessor declaration and its dependencies.
2026-02-11T21:01:50.830+05:30  WARN 24151 --- [api-gateway] [           main] trationDelegate$BeanPostProcessorChecker : Bean 'blockingLoadBalancerClient' of type [org.springframework.cloud.loadbalancer.blocking.client.BlockingLoadBalancerClient] is not eligible for getting processed by all BeanPostProcessors (for example: not eligible for auto-proxying). Is this bean getting eagerly injected into a currently created BeanPostProcessor [lbRestClientPostProcessor]? Check the corresponding BeanPostProcessor declaration and its dependencies.
2026-02-11T21:01:50.833+05:30  WARN 24151 --- [api-gateway] [           main] trationDelegate$BeanPostProcessorChecker : Bean 'loadBalancerServiceInstanceCookieTransformer' of type [org.springframework.cloud.loadbalancer.core.LoadBalancerServiceInstanceCookieTransformer] is not eligible for getting processed by all BeanPostProcessors (for example: not eligible for auto-proxying). Is this bean getting eagerly injected into a currently created BeanPostProcessor [lbRestClientPostProcessor]? Check the corresponding BeanPostProcessor declaration and its dependencies.
2026-02-11T21:01:50.834+05:30  WARN 24151 --- [api-gateway] [           main] trationDelegate$BeanPostProcessorChecker : Bean 'xForwarderHeadersTransformer' of type [org.springframework.cloud.loadbalancer.blocking.XForwardedHeadersTransformer] is not eligible for getting processed by all BeanPostProcessors (for example: not eligible for auto-proxying). Is this bean getting eagerly injected into a currently created BeanPostProcessor [lbRestClientPostProcessor]? Check the corresponding BeanPostProcessor declaration and its dependencies.
2026-02-11T21:01:50.834+05:30  WARN 24151 --- [api-gateway] [           main] trationDelegate$BeanPostProcessorChecker : Bean 'org.springframework.cloud.client.loadbalancer.LoadBalancerAutoConfiguration' of type [org.springframework.cloud.client.loadbalancer.LoadBalancerAutoConfiguration] is not eligible for getting processed by all BeanPostProcessors (for example: not eligible for auto-proxying). Is this bean getting eagerly injected into a currently created BeanPostProcessor [lbRestClientPostProcessor]? Check the corresponding BeanPostProcessor declaration and its dependencies.
2026-02-11T21:01:50.835+05:30  WARN 24151 --- [api-gateway] [           main] trationDelegate$BeanPostProcessorChecker : Bean 'loadBalancerRequestFactory' of type [org.springframework.cloud.client.loadbalancer.LoadBalancerRequestFactory] is not eligible for getting processed by all BeanPostProcessors (for example: not eligible for auto-proxying). Is this bean getting eagerly injected into a currently created BeanPostProcessor [lbRestClientPostProcessor]? Check the corresponding BeanPostProcessor declaration and its dependencies.
2026-02-11T21:01:50.835+05:30  WARN 24151 --- [api-gateway] [           main] trationDelegate$BeanPostProcessorChecker : Bean 'loadBalancerInterceptor' of type [org.springframework.cloud.client.loadbalancer.LoadBalancerInterceptor] is not eligible for getting processed by all BeanPostProcessors (for example: not eligible for auto-proxying). Is this bean getting eagerly injected into a currently created BeanPostProcessor [lbRestClientPostProcessor]? Check the corresponding BeanPostProcessor declaration and its dependencies.
2026-02-11T21:01:50.835+05:30  WARN 24151 --- [api-gateway] [           main] trationDelegate$BeanPostProcessorChecker : Bean 'org.springframework.cloud.client.loadbalancer.reactive.LoadBalancerBeanPostProcessorAutoConfiguration' of type [org.springframework.cloud.client.loadbalancer.reactive.LoadBalancerBeanPostProcessorAutoConfiguration] is not eligible for getting processed by all BeanPostProcessors (for example: not eligible for auto-proxying). The currently created BeanPostProcessor [loadBalancerWebClientBuilderBeanPostProcessor] is declared through a non-static factory method on that class; consider declaring it as static instead.
2026-02-11T21:01:50.836+05:30  WARN 24151 --- [api-gateway] [           main] trationDelegate$BeanPostProcessorChecker : Bean 'org.springframework.cloud.client.loadbalancer.reactive.LoadBalancerBeanPostProcessorAutoConfiguration$ReactorDeferringLoadBalancerFilterConfig' of type [org.springframework.cloud.client.loadbalancer.reactive.LoadBalancerBeanPostProcessorAutoConfiguration$ReactorDeferringLoadBalancerFilterConfig] is not eligible for getting processed by all BeanPostProcessors (for example: not eligible for auto-proxying). Is this bean getting eagerly injected into a currently created BeanPostProcessor [loadBalancerWebClientBuilderBeanPostProcessor]? Check the corresponding BeanPostProcessor declaration and its dependencies.
2026-02-11T21:01:50.836+05:30  WARN 24151 --- [api-gateway] [           main] trationDelegate$BeanPostProcessorChecker : Bean 'reactorDeferringLoadBalancerExchangeFilterFunction' of type [org.springframework.cloud.client.loadbalancer.reactive.DeferringLoadBalancerExchangeFilterFunction] is not eligible for getting processed by all BeanPostProcessors (for example: not eligible for auto-proxying). Is this bean getting eagerly injected into a currently created BeanPostProcessor [loadBalancerWebClientBuilderBeanPostProcessor]? Check the corresponding BeanPostProcessor declaration and its dependencies.
WARNING: A terminally deprecated method in sun.misc.Unsafe has been called
WARNING: sun.misc.Unsafe::objectFieldOffset has been called by io.netty.util.internal.PlatformDependent0$4 (file:/Users/virul/.m2/repository/io/netty/netty-common/4.1.105.Final/netty-common-4.1.105.Final.jar)
WARNING: Please consider reporting this to the maintainers of class io.netty.util.internal.PlatformDependent0$4
WARNING: sun.misc.Unsafe::objectFieldOffset will be removed in a future release
2026-02-11T21:01:51.044+05:30 DEBUG 24151 --- [api-gateway] [           main] o.s.c.gateway.config.GatewayProperties   : Routes supplied from Gateway Properties: [RouteDefinition{id='user-service', predicates=[PredicateDefinition{name='Path', args={_genkey_0=/api/users/**}}], filters=[FilterDefinition{name='RewritePath', args={_genkey_0=/api/users/(?<segment>.*), _genkey_1=/${segment}}}], uri=lb://USER-SERVICE, order=0, metadata={}}, RouteDefinition{id='order-service', predicates=[PredicateDefinition{name='Path', args={_genkey_0=/api/orders/**}}], filters=[FilterDefinition{name='RewritePath', args={_genkey_0=/api/orders/(?<segment>.*), _genkey_1=/${segment}}}], uri=lb://ORDER-SERVICE, order=0, metadata={}}, RouteDefinition{id='billing-service', predicates=[PredicateDefinition{name='Path', args={_genkey_0=/api/billing/**}}], filters=[FilterDefinition{name='RewritePath', args={_genkey_0=/api/billing/(?<segment>.*), _genkey_1=/${segment}}}], uri=lb://BILLING-SERVICE, order=0, metadata={}}, RouteDefinition{id='iam-service', predicates=[PredicateDefinition{name='Path', args={_genkey_0=/api/auth/**}}], filters=[FilterDefinition{name='RewritePath', args={_genkey_0=/api/auth/(?<segment>.*), _genkey_1=/${segment}}}], uri=lb://IAM-SERVICE, order=0, metadata={}}]
2026-02-11T21:01:51.075+05:30  INFO 24151 --- [api-gateway] [           main] o.s.c.g.r.RouteDefinitionRouteLocator    : Loaded RoutePredicateFactory [After]
2026-02-11T21:01:51.075+05:30  INFO 24151 --- [api-gateway] [           main] o.s.c.g.r.RouteDefinitionRouteLocator    : Loaded RoutePredicateFactory [Before]
2026-02-11T21:01:51.075+05:30  INFO 24151 --- [api-gateway] [           main] o.s.c.g.r.RouteDefinitionRouteLocator    : Loaded RoutePredicateFactory [Between]
2026-02-11T21:01:51.075+05:30  INFO 24151 --- [api-gateway] [           main] o.s.c.g.r.RouteDefinitionRouteLocator    : Loaded RoutePredicateFactory [Cookie]
2026-02-11T21:01:51.075+05:30  INFO 24151 --- [api-gateway] [           main] o.s.c.g.r.RouteDefinitionRouteLocator    : Loaded RoutePredicateFactory [Header]
2026-02-11T21:01:51.075+05:30  INFO 24151 --- [api-gateway] [           main] o.s.c.g.r.RouteDefinitionRouteLocator    : Loaded RoutePredicateFactory [Host]
2026-02-11T21:01:51.075+05:30  INFO 24151 --- [api-gateway] [           main] o.s.c.g.r.RouteDefinitionRouteLocator    : Loaded RoutePredicateFactory [Method]
2026-02-11T21:01:51.075+05:30  INFO 24151 --- [api-gateway] [           main] o.s.c.g.r.RouteDefinitionRouteLocator    : Loaded RoutePredicateFactory [Path]
2026-02-11T21:01:51.075+05:30  INFO 24151 --- [api-gateway] [           main] o.s.c.g.r.RouteDefinitionRouteLocator    : Loaded RoutePredicateFactory [Query]
2026-02-11T21:01:51.075+05:30  INFO 24151 --- [api-gateway] [           main] o.s.c.g.r.RouteDefinitionRouteLocator    : Loaded RoutePredicateFactory [ReadBody]
2026-02-11T21:01:51.075+05:30  INFO 24151 --- [api-gateway] [           main] o.s.c.g.r.RouteDefinitionRouteLocator    : Loaded RoutePredicateFactory [RemoteAddr]
2026-02-11T21:01:51.075+05:30  INFO 24151 --- [api-gateway] [           main] o.s.c.g.r.RouteDefinitionRouteLocator    : Loaded RoutePredicateFactory [XForwardedRemoteAddr]
2026-02-11T21:01:51.075+05:30  INFO 24151 --- [api-gateway] [           main] o.s.c.g.r.RouteDefinitionRouteLocator    : Loaded RoutePredicateFactory [Weight]
2026-02-11T21:01:51.076+05:30  INFO 24151 --- [api-gateway] [           main] o.s.c.g.r.RouteDefinitionRouteLocator    : Loaded RoutePredicateFactory [CloudFoundryRouteService]
2026-02-11T21:01:51.143+05:30  INFO 24151 --- [api-gateway] [           main] o.s.b.a.e.web.EndpointLinksResolver      : Exposing 3 endpoint(s) beneath base path '/actuator'
2026-02-11T21:01:51.219+05:30  INFO 24151 --- [api-gateway] [           main] DiscoveryClientOptionalArgsConfiguration : Eureka HTTP Client uses RestTemplate.
2026-02-11T21:01:51.224+05:30  WARN 24151 --- [api-gateway] [           main] iguration$LoadBalancerCaffeineWarnLogger : Spring Cloud LoadBalancer is currently working with the default cache. While this cache implementation is useful for development and tests, it's recommended to use Caffeine cache in production.You can switch to using Caffeine cache, by adding it and org.springframework.cache.caffeine.CaffeineCacheManager to the classpath.
2026-02-11T21:01:51.239+05:30  INFO 24151 --- [api-gateway] [           main] o.s.c.n.eureka.InstanceInfoFactory       : Setting initial instance status as: STARTING
2026-02-11T21:01:51.282+05:30  INFO 24151 --- [api-gateway] [           main] com.netflix.discovery.DiscoveryClient    : Initializing Eureka in region us-east-1
2026-02-11T21:01:51.283+05:30  INFO 24151 --- [api-gateway] [           main] c.n.d.s.r.aws.ConfigClusterResolver      : Resolving eureka endpoints via configuration
2026-02-11T21:01:51.289+05:30  INFO 24151 --- [api-gateway] [           main] com.netflix.discovery.DiscoveryClient    : Disable delta property : false
2026-02-11T21:01:51.289+05:30  INFO 24151 --- [api-gateway] [           main] com.netflix.discovery.DiscoveryClient    : Single vip registry refresh property : null
2026-02-11T21:01:51.289+05:30  INFO 24151 --- [api-gateway] [           main] com.netflix.discovery.DiscoveryClient    : Force full registry fetch : false
2026-02-11T21:01:51.289+05:30  INFO 24151 --- [api-gateway] [           main] com.netflix.discovery.DiscoveryClient    : Application is null : false
2026-02-11T21:01:51.289+05:30  INFO 24151 --- [api-gateway] [           main] com.netflix.discovery.DiscoveryClient    : Registered Applications size is zero : true
2026-02-11T21:01:51.289+05:30  INFO 24151 --- [api-gateway] [           main] com.netflix.discovery.DiscoveryClient    : Application version is -1: true
2026-02-11T21:01:51.289+05:30  INFO 24151 --- [api-gateway] [           main] com.netflix.discovery.DiscoveryClient    : Getting all instance registry info from the eureka server
2026-02-11T21:01:51.413+05:30  INFO 24151 --- [api-gateway] [           main] com.netflix.discovery.DiscoveryClient    : The response status is 200
2026-02-11T21:01:51.414+05:30  INFO 24151 --- [api-gateway] [           main] com.netflix.discovery.DiscoveryClient    : Starting heartbeat executor: renew interval is: 30
2026-02-11T21:01:51.415+05:30  INFO 24151 --- [api-gateway] [           main] c.n.discovery.InstanceInfoReplicator     : InstanceInfoReplicator onDemand update allowed rate per min is 4
2026-02-11T21:01:51.417+05:30  INFO 24151 --- [api-gateway] [           main] com.netflix.discovery.DiscoveryClient    : Discovery Client initialized at timestamp 1770823911416 with initial instances count: 0
2026-02-11T21:01:51.417+05:30  INFO 24151 --- [api-gateway] [           main] o.s.c.n.e.s.EurekaServiceRegistry        : Registering application API-GATEWAY with eureka with status UP
2026-02-11T21:01:51.417+05:30  INFO 24151 --- [api-gateway] [           main] com.netflix.discovery.DiscoveryClient    : Saw local status change event StatusChangeEvent [timestamp=1770823911417, current=UP, previous=STARTING]
2026-02-11T21:01:51.418+05:30  INFO 24151 --- [api-gateway] [nfoReplicator-0] com.netflix.discovery.DiscoveryClient    : DiscoveryClient_API-GATEWAY/172.28.3.213:api-gateway:8080: registering service...
2026-02-11T21:01:51.430+05:30 DEBUG 24151 --- [api-gateway] [           main] o.s.c.g.r.RouteDefinitionRouteLocator    : RouteDefinition user-service applying {_genkey_0=/api/users/**} to Path
2026-02-11T21:01:51.436+05:30 DEBUG 24151 --- [api-gateway] [           main] o.s.c.g.r.RouteDefinitionRouteLocator    : RouteDefinition user-service applying filter {_genkey_0=/api/users/(?<segment>.*), _genkey_1=/${segment}} to RewritePath
2026-02-11T21:01:51.438+05:30 DEBUG 24151 --- [api-gateway] [           main] o.s.c.g.r.RouteDefinitionRouteLocator    : RouteDefinition matched: user-service
2026-02-11T21:01:51.438+05:30 DEBUG 24151 --- [api-gateway] [           main] o.s.c.g.r.RouteDefinitionRouteLocator    : RouteDefinition order-service applying {_genkey_0=/api/orders/**} to Path
2026-02-11T21:01:51.439+05:30 DEBUG 24151 --- [api-gateway] [           main] o.s.c.g.r.RouteDefinitionRouteLocator    : RouteDefinition order-service applying filter {_genkey_0=/api/orders/(?<segment>.*), _genkey_1=/${segment}} to RewritePath
2026-02-11T21:01:51.439+05:30 DEBUG 24151 --- [api-gateway] [           main] o.s.c.g.r.RouteDefinitionRouteLocator    : RouteDefinition matched: order-service
2026-02-11T21:01:51.439+05:30 DEBUG 24151 --- [api-gateway] [           main] o.s.c.g.r.RouteDefinitionRouteLocator    : RouteDefinition billing-service applying {_genkey_0=/api/billing/**} to Path
2026-02-11T21:01:51.439+05:30 DEBUG 24151 --- [api-gateway] [           main] o.s.c.g.r.RouteDefinitionRouteLocator    : RouteDefinition billing-service applying filter {_genkey_0=/api/billing/(?<segment>.*), _genkey_1=/${segment}} to RewritePath
2026-02-11T21:01:51.439+05:30 DEBUG 24151 --- [api-gateway] [           main] o.s.c.g.r.RouteDefinitionRouteLocator    : RouteDefinition matched: billing-service
2026-02-11T21:01:51.439+05:30 DEBUG 24151 --- [api-gateway] [           main] o.s.c.g.r.RouteDefinitionRouteLocator    : RouteDefinition iam-service applying {_genkey_0=/api/auth/**} to Path
2026-02-11T21:01:51.440+05:30 DEBUG 24151 --- [api-gateway] [           main] o.s.c.g.r.RouteDefinitionRouteLocator    : RouteDefinition iam-service applying filter {_genkey_0=/api/auth/(?<segment>.*), _genkey_1=/${segment}} to RewritePath
2026-02-11T21:01:51.440+05:30 DEBUG 24151 --- [api-gateway] [           main] o.s.c.g.r.RouteDefinitionRouteLocator    : RouteDefinition matched: iam-service
2026-02-11T21:01:51.441+05:30 DEBUG 24151 --- [api-gateway] [           main] o.s.c.g.filter.GatewayMetricsFilter      : New routes count: 4
2026-02-11T21:01:51.454+05:30  INFO 24151 --- [api-gateway] [nfoReplicator-0] com.netflix.discovery.DiscoveryClient    : DiscoveryClient_API-GATEWAY/172.28.3.213:api-gateway:8080 - registration status: 204
2026-02-11T21:01:51.466+05:30  INFO 24151 --- [api-gateway] [           main] o.s.b.web.embedded.netty.NettyWebServer  : Netty started on port 8080
2026-02-11T21:01:51.467+05:30  INFO 24151 --- [api-gateway] [           main] .s.c.n.e.s.EurekaAutoServiceRegistration : Updating port to 8080
2026-02-11T21:01:51.477+05:30 DEBUG 24151 --- [api-gateway] [           main] o.s.c.g.r.RouteDefinitionRouteLocator    : RouteDefinition user-service applying {_genkey_0=/api/users/**} to Path
2026-02-11T21:01:51.477+05:30 DEBUG 24151 --- [api-gateway] [           main] o.s.c.g.r.RouteDefinitionRouteLocator    : RouteDefinition user-service applying filter {_genkey_0=/api/users/(?<segment>.*), _genkey_1=/${segment}} to RewritePath
2026-02-11T21:01:51.477+05:30 DEBUG 24151 --- [api-gateway] [           main] o.s.c.g.r.RouteDefinitionRouteLocator    : RouteDefinition matched: user-service
2026-02-11T21:01:51.477+05:30 DEBUG 24151 --- [api-gateway] [           main] o.s.c.g.r.RouteDefinitionRouteLocator    : RouteDefinition order-service applying {_genkey_0=/api/orders/**} to Path
2026-02-11T21:01:51.478+05:30 DEBUG 24151 --- [api-gateway] [           main] o.s.c.g.r.RouteDefinitionRouteLocator    : RouteDefinition order-service applying filter {_genkey_0=/api/orders/(?<segment>.*), _genkey_1=/${segment}} to RewritePath
2026-02-11T21:01:51.478+05:30 DEBUG 24151 --- [api-gateway] [           main] o.s.c.g.r.RouteDefinitionRouteLocator    : RouteDefinition matched: order-service
2026-02-11T21:01:51.478+05:30 DEBUG 24151 --- [api-gateway] [           main] o.s.c.g.r.RouteDefinitionRouteLocator    : RouteDefinition billing-service applying {_genkey_0=/api/billing/**} to Path
2026-02-11T21:01:51.478+05:30 DEBUG 24151 --- [api-gateway] [           main] o.s.c.g.r.RouteDefinitionRouteLocator    : RouteDefinition billing-service applying filter {_genkey_0=/api/billing/(?<segment>.*), _genkey_1=/${segment}} to RewritePath
2026-02-11T21:01:51.478+05:30 DEBUG 24151 --- [api-gateway] [           main] o.s.c.g.r.RouteDefinitionRouteLocator    : RouteDefinition matched: billing-service
2026-02-11T21:01:51.478+05:30 DEBUG 24151 --- [api-gateway] [           main] o.s.c.g.r.RouteDefinitionRouteLocator    : RouteDefinition iam-service applying {_genkey_0=/api/auth/**} to Path
2026-02-11T21:01:51.479+05:30 DEBUG 24151 --- [api-gateway] [           main] o.s.c.g.r.RouteDefinitionRouteLocator    : RouteDefinition iam-service applying filter {_genkey_0=/api/auth/(?<segment>.*), _genkey_1=/${segment}} to RewritePath
2026-02-11T21:01:51.479+05:30 DEBUG 24151 --- [api-gateway] [           main] o.s.c.g.r.RouteDefinitionRouteLocator    : RouteDefinition matched: iam-service
2026-02-11T21:01:51.480+05:30 DEBUG 24151 --- [api-gateway] [           main] o.s.c.g.filter.GatewayMetricsFilter      : New routes count: 4
2026-02-11T21:01:51.481+05:30  INFO 24151 --- [api-gateway] [           main] c.makabas.gateway.ApiGatewayApplication  : Started ApiGatewayApplication in 1.126 seconds (process running for 1.232)
2026-02-11T21:02:21.420+05:30  INFO 24151 --- [api-gateway] [freshExecutor-0] com.netflix.discovery.DiscoveryClient    : Disable delta property : false
2026-02-11T21:02:21.421+05:30  INFO 24151 --- [api-gateway] [freshExecutor-0] com.netflix.discovery.DiscoveryClient    : Single vip registry refresh property : null
2026-02-11T21:02:21.422+05:30  INFO 24151 --- [api-gateway] [freshExecutor-0] com.netflix.discovery.DiscoveryClient    : Force full registry fetch : false
2026-02-11T21:02:21.422+05:30  INFO 24151 --- [api-gateway] [freshExecutor-0] com.netflix.discovery.DiscoveryClient    : Application is null : false
2026-02-11T21:02:21.422+05:30  INFO 24151 --- [api-gateway] [freshExecutor-0] com.netflix.discovery.DiscoveryClient    : Registered Applications size is zero : true
2026-02-11T21:02:21.422+05:30  INFO 24151 --- [api-gateway] [freshExecutor-0] com.netflix.discovery.DiscoveryClient    : Application version is -1: false
2026-02-11T21:02:21.422+05:30  INFO 24151 --- [api-gateway] [freshExecutor-0] com.netflix.discovery.DiscoveryClient    : Getting all instance registry info from the eureka server
2026-02-11T21:02:21.444+05:30  INFO 24151 --- [api-gateway] [freshExecutor-0] com.netflix.discovery.DiscoveryClient    : The response status is 200
2026-02-11T21:02:21.450+05:30 DEBUG 24151 --- [api-gateway] [freshExecutor-0] o.s.c.g.r.RouteDefinitionRouteLocator    : RouteDefinition ReactiveCompositeDiscoveryClient_API-GATEWAY applying {pattern=/api-gateway/**} to Path
2026-02-11T21:02:21.451+05:30 DEBUG 24151 --- [api-gateway] [freshExecutor-0] o.s.c.g.r.RouteDefinitionRouteLocator    : RouteDefinition ReactiveCompositeDiscoveryClient_API-GATEWAY applying filter {regexp=/api-gateway/?(?<remaining>.*), replacement=/${remaining}} to RewritePath
2026-02-11T21:02:21.451+05:30 DEBUG 24151 --- [api-gateway] [freshExecutor-0] o.s.c.g.r.RouteDefinitionRouteLocator    : RouteDefinition matched: ReactiveCompositeDiscoveryClient_API-GATEWAY
2026-02-11T21:02:21.451+05:30 DEBUG 24151 --- [api-gateway] [freshExecutor-0] o.s.c.g.r.RouteDefinitionRouteLocator    : RouteDefinition user-service applying {_genkey_0=/api/users/**} to Path
2026-02-11T21:02:21.452+05:30 DEBUG 24151 --- [api-gateway] [freshExecutor-0] o.s.c.g.r.RouteDefinitionRouteLocator    : RouteDefinition user-service applying filter {_genkey_0=/api/users/(?<segment>.*), _genkey_1=/${segment}} to RewritePath
2026-02-11T21:02:21.452+05:30 DEBUG 24151 --- [api-gateway] [freshExecutor-0] o.s.c.g.r.RouteDefinitionRouteLocator    : RouteDefinition matched: user-service
2026-02-11T21:02:21.452+05:30 DEBUG 24151 --- [api-gateway] [freshExecutor-0] o.s.c.g.r.RouteDefinitionRouteLocator    : RouteDefinition order-service applying {_genkey_0=/api/orders/**} to Path
2026-02-11T21:02:21.452+05:30 DEBUG 24151 --- [api-gateway] [freshExecutor-0] o.s.c.g.r.RouteDefinitionRouteLocator    : RouteDefinition order-service applying filter {_genkey_0=/api/orders/(?<segment>.*), _genkey_1=/${segment}} to RewritePath
2026-02-11T21:02:21.453+05:30 DEBUG 24151 --- [api-gateway] [freshExecutor-0] o.s.c.g.r.RouteDefinitionRouteLocator    : RouteDefinition matched: order-service
2026-02-11T21:02:21.453+05:30 DEBUG 24151 --- [api-gateway] [freshExecutor-0] o.s.c.g.r.RouteDefinitionRouteLocator    : RouteDefinition billing-service applying {_genkey_0=/api/billing/**} to Path
2026-02-11T21:02:21.453+05:30 DEBUG 24151 --- [api-gateway] [freshExecutor-0] o.s.c.g.r.RouteDefinitionRouteLocator    : RouteDefinition billing-service applying filter {_genkey_0=/api/billing/(?<segment>.*), _genkey_1=/${segment}} to RewritePath
2026-02-11T21:02:21.453+05:30 DEBUG 24151 --- [api-gateway] [freshExecutor-0] o.s.c.g.r.RouteDefinitionRouteLocator    : RouteDefinition matched: billing-service
2026-02-11T21:02:21.453+05:30 DEBUG 24151 --- [api-gateway] [freshExecutor-0] o.s.c.g.r.RouteDefinitionRouteLocator    : RouteDefinition iam-service applying {_genkey_0=/api/auth/**} to Path
2026-02-11T21:02:21.453+05:30 DEBUG 24151 --- [api-gateway] [freshExecutor-0] o.s.c.g.r.RouteDefinitionRouteLocator    : RouteDefinition iam-service applying filter {_genkey_0=/api/auth/(?<segment>.*), _genkey_1=/${segment}} to RewritePath
2026-02-11T21:02:21.454+05:30 DEBUG 24151 --- [api-gateway] [freshExecutor-0] o.s.c.g.r.RouteDefinitionRouteLocator    : RouteDefinition matched: iam-service
2026-02-11T21:02:21.454+05:30 DEBUG 24151 --- [api-gateway] [freshExecutor-0] o.s.c.g.filter.GatewayMetricsFilter      : New routes count: 5
2026-02-11T21:02:51.463+05:30 DEBUG 24151 --- [api-gateway] [freshExecutor-0] o.s.c.g.r.RouteDefinitionRouteLocator    : RouteDefinition ReactiveCompositeDiscoveryClient_API-GATEWAY applying {pattern=/api-gateway/**} to Path
2026-02-11T21:02:51.469+05:30 DEBUG 24151 --- [api-gateway] [freshExecutor-0] o.s.c.g.r.RouteDefinitionRouteLocator    : RouteDefinition ReactiveCompositeDiscoveryClient_API-GATEWAY applying filter {regexp=/api-gateway/?(?<remaining>.*), replacement=/${remaining}} to RewritePath
2026-02-11T21:02:51.470+05:30 DEBUG 24151 --- [api-gateway] [freshExecutor-0] o.s.c.g.r.RouteDefinitionRouteLocator    : RouteDefinition matched: ReactiveCompositeDiscoveryClient_API-GATEWAY
2026-02-11T21:02:51.470+05:30 DEBUG 24151 --- [api-gateway] [freshExecutor-0] o.s.c.g.r.RouteDefinitionRouteLocator    : RouteDefinition user-service applying {_genkey_0=/api/users/**} to Path
2026-02-11T21:02:51.470+05:30 DEBUG 24151 --- [api-gateway] [freshExecutor-0] o.s.c.g.r.RouteDefinitionRouteLocator    : RouteDefinition user-service applying filter {_genkey_0=/api/users/(?<segment>.*), _genkey_1=/${segment}} to RewritePath
2026-02-11T21:02:51.471+05:30 DEBUG 24151 --- [api-gateway] [freshExecutor-0] o.s.c.g.r.RouteDefinitionRouteLocator    : RouteDefinition matched: user-service
2026-02-11T21:02:51.471+05:30 DEBUG 24151 --- [api-gateway] [freshExecutor-0] o.s.c.g.r.RouteDefinitionRouteLocator    : RouteDefinition order-service applying {_genkey_0=/api/orders/**} to Path
2026-02-11T21:02:51.471+05:30 DEBUG 24151 --- [api-gateway] [freshExecutor-0] o.s.c.g.r.RouteDefinitionRouteLocator    : RouteDefinition order-service applying filter {_genkey_0=/api/orders/(?<segment>.*), _genkey_1=/${segment}} to RewritePath
2026-02-11T21:02:51.471+05:30 DEBUG 24151 --- [api-gateway] [freshExecutor-0] o.s.c.g.r.RouteDefinitionRouteLocator    : RouteDefinition matched: order-service
2026-02-11T21:02:51.471+05:30 DEBUG 24151 --- [api-gateway] [freshExecutor-0] o.s.c.g.r.RouteDefinitionRouteLocator    : RouteDefinition billing-service applying {_genkey_0=/api/billing/**} to Path
2026-02-11T21:02:51.472+05:30 DEBUG 24151 --- [api-gateway] [freshExecutor-0] o.s.c.g.r.RouteDefinitionRouteLocator    : RouteDefinition billing-service applying filter {_genkey_0=/api/billing/(?<segment>.*), _genkey_1=/${segment}} to RewritePath
2026-02-11T21:02:51.472+05:30 DEBUG 24151 --- [api-gateway] [freshExecutor-0] o.s.c.g.r.RouteDefinitionRouteLocator    : RouteDefinition matched: billing-service
2026-02-11T21:02:51.472+05:30 DEBUG 24151 --- [api-gateway] [freshExecutor-0] o.s.c.g.r.RouteDefinitionRouteLocator    : RouteDefinition iam-service applying {_genkey_0=/api/auth/**} to Path
2026-02-11T21:02:51.472+05:30 DEBUG 24151 --- [api-gateway] [freshExecutor-0] o.s.c.g.r.RouteDefinitionRouteLocator    : RouteDefinition iam-service applying filter {_genkey_0=/api/auth/(?<segment>.*), _genkey_1=/${segment}} to RewritePath
2026-02-11T21:02:51.472+05:30 DEBUG 24151 --- [api-gateway] [freshExecutor-0] o.s.c.g.r.RouteDefinitionRouteLocator    : RouteDefinition matched: iam-service
2026-02-11T21:02:51.473+05:30 DEBUG 24151 --- [api-gateway] [freshExecutor-0] o.s.c.g.filter.GatewayMetricsFilter      : New routes count: 5
2026-02-11T21:03:21.481+05:30 DEBUG 24151 --- [api-gateway] [freshExecutor-0] o.s.c.g.r.RouteDefinitionRouteLocator    : RouteDefinition ReactiveCompositeDiscoveryClient_API-GATEWAY applying {pattern=/api-gateway/**} to Path
2026-02-11T21:03:21.482+05:30 DEBUG 24151 --- [api-gateway] [freshExecutor-0] o.s.c.g.r.RouteDefinitionRouteLocator    : RouteDefinition ReactiveCompositeDiscoveryClient_API-GATEWAY applying filter {regexp=/api-gateway/?(?<remaining>.*), replacement=/${remaining}} to RewritePath
2026-02-11T21:03:21.483+05:30 DEBUG 24151 --- [api-gateway] [freshExecutor-0] o.s.c.g.r.RouteDefinitionRouteLocator    : RouteDefinition matched: ReactiveCompositeDiscoveryClient_API-GATEWAY
2026-02-11T21:03:21.483+05:30 DEBUG 24151 --- [api-gateway] [freshExecutor-0] o.s.c.g.r.RouteDefinitionRouteLocator    : RouteDefinition user-service applying {_genkey_0=/api/users/**} to Path
2026-02-11T21:03:21.483+05:30 DEBUG 24151 --- [api-gateway] [freshExecutor-0] o.s.c.g.r.RouteDefinitionRouteLocator    : RouteDefinition user-service applying filter {_genkey_0=/api/users/(?<segment>.*), _genkey_1=/${segment}} to RewritePath
2026-02-11T21:03:21.484+05:30 DEBUG 24151 --- [api-gateway] [freshExecutor-0] o.s.c.g.r.RouteDefinitionRouteLocator    : RouteDefinition matched: user-service
2026-02-11T21:03:21.484+05:30 DEBUG 24151 --- [api-gateway] [freshExecutor-0] o.s.c.g.r.RouteDefinitionRouteLocator    : RouteDefinition order-service applying {_genkey_0=/api/orders/**} to Path
2026-02-11T21:03:21.484+05:30 DEBUG 24151 --- [api-gateway] [freshExecutor-0] o.s.c.g.r.RouteDefinitionRouteLocator    : RouteDefinition order-service applying filter {_genkey_0=/api/orders/(?<segment>.*), _genkey_1=/${segment}} to RewritePath
2026-02-11T21:03:21.484+05:30 DEBUG 24151 --- [api-gateway] [freshExecutor-0] o.s.c.g.r.RouteDefinitionRouteLocator    : RouteDefinition matched: order-service
2026-02-11T21:03:21.484+05:30 DEBUG 24151 --- [api-gateway] [freshExecutor-0] o.s.c.g.r.RouteDefinitionRouteLocator    : RouteDefinition billing-service applying {_genkey_0=/api/billing/**} to Path
2026-02-11T21:03:21.485+05:30 DEBUG 24151 --- [api-gateway] [freshExecutor-0] o.s.c.g.r.RouteDefinitionRouteLocator    : RouteDefinition billing-service applying filter {_genkey_0=/api/billing/(?<segment>.*), _genkey_1=/${segment}} to RewritePath
2026-02-11T21:03:21.485+05:30 DEBUG 24151 --- [api-gateway] [freshExecutor-0] o.s.c.g.r.RouteDefinitionRouteLocator    : RouteDefinition matched: billing-service
2026-02-11T21:03:21.485+05:30 DEBUG 24151 --- [api-gateway] [freshExecutor-0] o.s.c.g.r.RouteDefinitionRouteLocator    : RouteDefinition iam-service applying {_genkey_0=/api/auth/**} to Path
2026-02-11T21:03:21.485+05:30 DEBUG 24151 --- [api-gateway] [freshExecutor-0] o.s.c.g.r.RouteDefinitionRouteLocator    : RouteDefinition iam-service applying filter {_genkey_0=/api/auth/(?<segment>.*), _genkey_1=/${segment}} to RewritePath
2026-02-11T21:03:21.486+05:30 DEBUG 24151 --- [api-gateway] [freshExecutor-0] o.s.c.g.r.RouteDefinitionRouteLocator    : RouteDefinition matched: iam-service
2026-02-11T21:03:21.486+05:30 DEBUG 24151 --- [api-gateway] [freshExecutor-0] o.s.c.g.filter.GatewayMetricsFilter      : New routes count: 5
2026-02-11T21:03:51.500+05:30 DEBUG 24151 --- [api-gateway] [freshExecutor-0] o.s.c.g.r.RouteDefinitionRouteLocator    : RouteDefinition ReactiveCompositeDiscoveryClient_API-GATEWAY applying {pattern=/api-gateway/**} to Path
2026-02-11T21:03:51.503+05:30 DEBUG 24151 --- [api-gateway] [freshExecutor-0] o.s.c.g.r.RouteDefinitionRouteLocator    : RouteDefinition ReactiveCompositeDiscoveryClient_API-GATEWAY applying filter {regexp=/api-gateway/?(?<remaining>.*), replacement=/${remaining}} to RewritePath
2026-02-11T21:03:51.504+05:30 DEBUG 24151 --- [api-gateway] [freshExecutor-0] o.s.c.g.r.RouteDefinitionRouteLocator    : RouteDefinition matched: ReactiveCompositeDiscoveryClient_API-GATEWAY
2026-02-11T21:03:51.504+05:30 DEBUG 24151 --- [api-gateway] [freshExecutor-0] o.s.c.g.r.RouteDefinitionRouteLocator    : RouteDefinition user-service applying {_genkey_0=/api/users/**} to Path
2026-02-11T21:03:51.505+05:30 DEBUG 24151 --- [api-gateway] [freshExecutor-0] o.s.c.g.r.RouteDefinitionRouteLocator    : RouteDefinition user-service applying filter {_genkey_0=/api/users/(?<segment>.*), _genkey_1=/${segment}} to RewritePath
2026-02-11T21:03:51.505+05:30 DEBUG 24151 --- [api-gateway] [freshExecutor-0] o.s.c.g.r.RouteDefinitionRouteLocator    : RouteDefinition matched: user-service
2026-02-11T21:03:51.505+05:30 DEBUG 24151 --- [api-gateway] [freshExecutor-0] o.s.c.g.r.RouteDefinitionRouteLocator    : RouteDefinition order-service applying {_genkey_0=/api/orders/**} to Path
2026-02-11T21:03:51.505+05:30 DEBUG 24151 --- [api-gateway] [freshExecutor-0] o.s.c.g.r.RouteDefinitionRouteLocator    : RouteDefinition order-service applying filter {_genkey_0=/api/orders/(?<segment>.*), _genkey_1=/${segment}} to RewritePath
2026-02-11T21:03:51.506+05:30 DEBUG 24151 --- [api-gateway] [freshExecutor-0] o.s.c.g.r.RouteDefinitionRouteLocator    : RouteDefinition matched: order-service
2026-02-11T21:03:51.506+05:30 DEBUG 24151 --- [api-gateway] [freshExecutor-0] o.s.c.g.r.RouteDefinitionRouteLocator    : RouteDefinition billing-service applying {_genkey_0=/api/billing/**} to Path
2026-02-11T21:03:51.506+05:30 DEBUG 24151 --- [api-gateway] [freshExecutor-0] o.s.c.g.r.RouteDefinitionRouteLocator    : RouteDefinition billing-service applying filter {_genkey_0=/api/billing/(?<segment>.*), _genkey_1=/${segment}} to RewritePath
2026-02-11T21:03:51.507+05:30 DEBUG 24151 --- [api-gateway] [freshExecutor-0] o.s.c.g.r.RouteDefinitionRouteLocator    : RouteDefinition matched: billing-service
2026-02-11T21:03:51.507+05:30 DEBUG 24151 --- [api-gateway] [freshExecutor-0] o.s.c.g.r.RouteDefinitionRouteLocator    : RouteDefinition iam-service applying {_genkey_0=/api/auth/**} to Path
2026-02-11T21:03:51.508+05:30 DEBUG 24151 --- [api-gateway] [freshExecutor-0] o.s.c.g.r.RouteDefinitionRouteLocator    : RouteDefinition iam-service applying filter {_genkey_0=/api/auth/(?<segment>.*), _genkey_1=/${segment}} to RewritePath
2026-02-11T21:03:51.508+05:30 DEBUG 24151 --- [api-gateway] [freshExecutor-0] o.s.c.g.r.RouteDefinitionRouteLocator    : RouteDefinition matched: iam-service
2026-02-11T21:03:51.509+05:30 DEBUG 24151 --- [api-gateway] [freshExecutor-0] o.s.c.g.filter.GatewayMetricsFilter      : New routes count: 5
2026-02-11T21:04:21.518+05:30 DEBUG 24151 --- [api-gateway] [freshExecutor-0] o.s.c.g.r.RouteDefinitionRouteLocator    : RouteDefinition ReactiveCompositeDiscoveryClient_API-GATEWAY applying {pattern=/api-gateway/**} to Path
2026-02-11T21:04:21.519+05:30 DEBUG 24151 --- [api-gateway] [freshExecutor-0] o.s.c.g.r.RouteDefinitionRouteLocator    : RouteDefinition ReactiveCompositeDiscoveryClient_API-GATEWAY applying filter {regexp=/api-gateway/?(?<remaining>.*), replacement=/${remaining}} to RewritePath
2026-02-11T21:04:21.520+05:30 DEBUG 24151 --- [api-gateway] [freshExecutor-0] o.s.c.g.r.RouteDefinitionRouteLocator    : RouteDefinition matched: ReactiveCompositeDiscoveryClient_API-GATEWAY
2026-02-11T21:04:21.520+05:30 DEBUG 24151 --- [api-gateway] [freshExecutor-0] o.s.c.g.r.RouteDefinitionRouteLocator    : RouteDefinition user-service applying {_genkey_0=/api/users/**} to Path
2026-02-11T21:04:21.520+05:30 DEBUG 24151 --- [api-gateway] [freshExecutor-0] o.s.c.g.r.RouteDefinitionRouteLocator    : RouteDefinition user-service applying filter {_genkey_0=/api/users/(?<segment>.*), _genkey_1=/${segment}} to RewritePath
2026-02-11T21:04:21.521+05:30 DEBUG 24151 --- [api-gateway] [freshExecutor-0] o.s.c.g.r.RouteDefinitionRouteLocator    : RouteDefinition matched: user-service
2026-02-11T21:04:21.521+05:30 DEBUG 24151 --- [api-gateway] [freshExecutor-0] o.s.c.g.r.RouteDefinitionRouteLocator    : RouteDefinition order-service applying {_genkey_0=/api/orders/**} to Path
2026-02-11T21:04:21.521+05:30 DEBUG 24151 --- [api-gateway] [freshExecutor-0] o.s.c.g.r.RouteDefinitionRouteLocator    : RouteDefinition order-service applying filter {_genkey_0=/api/orders/(?<segment>.*), _genkey_1=/${segment}} to RewritePath
2026-02-11T21:04:21.522+05:30 DEBUG 24151 --- [api-gateway] [freshExecutor-0] o.s.c.g.r.RouteDefinitionRouteLocator    : RouteDefinition matched: order-service
2026-02-11T21:04:21.522+05:30 DEBUG 24151 --- [api-gateway] [freshExecutor-0] o.s.c.g.r.RouteDefinitionRouteLocator    : RouteDefinition billing-service applying {_genkey_0=/api/billing/**} to Path
2026-02-11T21:04:21.522+05:30 DEBUG 24151 --- [api-gateway] [freshExecutor-0] o.s.c.g.r.RouteDefinitionRouteLocator    : RouteDefinition billing-service applying filter {_genkey_0=/api/billing/(?<segment>.*), _genkey_1=/${segment}} to RewritePath
2026-02-11T21:04:21.522+05:30 DEBUG 24151 --- [api-gateway] [freshExecutor-0] o.s.c.g.r.RouteDefinitionRouteLocator    : RouteDefinition matched: billing-service
2026-02-11T21:04:21.522+05:30 DEBUG 24151 --- [api-gateway] [freshExecutor-0] o.s.c.g.r.RouteDefinitionRouteLocator    : RouteDefinition iam-service applying {_genkey_0=/api/auth/**} to Path
2026-02-11T21:04:21.523+05:30 DEBUG 24151 --- [api-gateway] [freshExecutor-0] o.s.c.g.r.RouteDefinitionRouteLocator    : RouteDefinition iam-service applying filter {_genkey_0=/api/auth/(?<segment>.*), _genkey_1=/${segment}} to RewritePath
2026-02-11T21:04:21.523+05:30 DEBUG 24151 --- [api-gateway] [freshExecutor-0] o.s.c.g.r.RouteDefinitionRouteLocator    : RouteDefinition matched: iam-service
2026-02-11T21:04:21.524+05:30 DEBUG 24151 --- [api-gateway] [freshExecutor-0] o.s.c.g.filter.GatewayMetricsFilter      : New routes count: 5
2026-02-11T21:04:51.551+05:30 DEBUG 24151 --- [api-gateway] [freshExecutor-0] o.s.c.g.r.RouteDefinitionRouteLocator    : RouteDefinition ReactiveCompositeDiscoveryClient_API-GATEWAY applying {pattern=/api-gateway/**} to Path
2026-02-11T21:04:51.553+05:30 DEBUG 24151 --- [api-gateway] [freshExecutor-0] o.s.c.g.r.RouteDefinitionRouteLocator    : RouteDefinition ReactiveCompositeDiscoveryClient_API-GATEWAY applying filter {regexp=/api-gateway/?(?<remaining>.*), replacement=/${remaining}} to RewritePath
2026-02-11T21:04:51.554+05:30 DEBUG 24151 --- [api-gateway] [freshExecutor-0] o.s.c.g.r.RouteDefinitionRouteLocator    : RouteDefinition matched: ReactiveCompositeDiscoveryClient_API-GATEWAY
2026-02-11T21:04:51.554+05:30 DEBUG 24151 --- [api-gateway] [freshExecutor-0] o.s.c.g.r.RouteDefinitionRouteLocator    : RouteDefinition user-service applying {_genkey_0=/api/users/**} to Path
2026-02-11T21:04:51.555+05:30 DEBUG 24151 --- [api-gateway] [freshExecutor-0] o.s.c.g.r.RouteDefinitionRouteLocator    : RouteDefinition user-service applying filter {_genkey_0=/api/users/(?<segment>.*), _genkey_1=/${segment}} to RewritePath
2026-02-11T21:04:51.556+05:30 DEBUG 24151 --- [api-gateway] [freshExecutor-0] o.s.c.g.r.RouteDefinitionRouteLocator    : RouteDefinition matched: user-service
2026-02-11T21:04:51.556+05:30 DEBUG 24151 --- [api-gateway] [freshExecutor-0] o.s.c.g.r.RouteDefinitionRouteLocator    : RouteDefinition order-service applying {_genkey_0=/api/orders/**} to Path
2026-02-11T21:04:51.556+05:30 DEBUG 24151 --- [api-gateway] [freshExecutor-0] o.s.c.g.r.RouteDefinitionRouteLocator    : RouteDefinition order-service applying filter {_genkey_0=/api/orders/(?<segment>.*), _genkey_1=/${segment}} to RewritePath
2026-02-11T21:04:51.557+05:30 DEBUG 24151 --- [api-gateway] [freshExecutor-0] o.s.c.g.r.RouteDefinitionRouteLocator    : RouteDefinition matched: order-service
2026-02-11T21:04:51.557+05:30 DEBUG 24151 --- [api-gateway] [freshExecutor-0] o.s.c.g.r.RouteDefinitionRouteLocator    : RouteDefinition billing-service applying {_genkey_0=/api/billing/**} to Path
2026-02-11T21:04:51.558+05:30 DEBUG 24151 --- [api-gateway] [freshExecutor-0] o.s.c.g.r.RouteDefinitionRouteLocator    : RouteDefinition billing-service applying filter {_genkey_0=/api/billing/(?<segment>.*), _genkey_1=/${segment}} to RewritePath
2026-02-11T21:04:51.559+05:30 DEBUG 24151 --- [api-gateway] [freshExecutor-0] o.s.c.g.r.RouteDefinitionRouteLocator    : RouteDefinition matched: billing-service
2026-02-11T21:04:51.559+05:30 DEBUG 24151 --- [api-gateway] [freshExecutor-0] o.s.c.g.r.RouteDefinitionRouteLocator    : RouteDefinition iam-service applying {_genkey_0=/api/auth/**} to Path
2026-02-11T21:04:51.559+05:30 DEBUG 24151 --- [api-gateway] [freshExecutor-0] o.s.c.g.r.RouteDefinitionRouteLocator    : RouteDefinition iam-service applying filter {_genkey_0=/api/auth/(?<segment>.*), _genkey_1=/${segment}} to RewritePath
2026-02-11T21:04:51.560+05:30 DEBUG 24151 --- [api-gateway] [freshExecutor-0] o.s.c.g.r.RouteDefinitionRouteLocator    : RouteDefinition matched: iam-service
2026-02-11T21:04:51.561+05:30 DEBUG 24151 --- [api-gateway] [freshExecutor-0] o.s.c.g.filter.GatewayMetricsFilter      : New routes count: 5
2026-02-11T21:05:21.569+05:30 DEBUG 24151 --- [api-gateway] [freshExecutor-0] o.s.c.g.r.RouteDefinitionRouteLocator    : RouteDefinition ReactiveCompositeDiscoveryClient_API-GATEWAY applying {pattern=/api-gateway/**} to Path
2026-02-11T21:05:21.570+05:30 DEBUG 24151 --- [api-gateway] [freshExecutor-0] o.s.c.g.r.RouteDefinitionRouteLocator    : RouteDefinition ReactiveCompositeDiscoveryClient_API-GATEWAY applying filter {regexp=/api-gateway/?(?<remaining>.*), replacement=/${remaining}} to RewritePath
2026-02-11T21:05:21.570+05:30 DEBUG 24151 --- [api-gateway] [freshExecutor-0] o.s.c.g.r.RouteDefinitionRouteLocator    : RouteDefinition matched: ReactiveCompositeDiscoveryClient_API-GATEWAY
2026-02-11T21:05:21.570+05:30 DEBUG 24151 --- [api-gateway] [freshExecutor-0] o.s.c.g.r.RouteDefinitionRouteLocator    : RouteDefinition user-service applying {_genkey_0=/api/users/**} to Path
2026-02-11T21:05:21.571+05:30 DEBUG 24151 --- [api-gateway] [freshExecutor-0] o.s.c.g.r.RouteDefinitionRouteLocator    : RouteDefinition user-service applying filter {_genkey_0=/api/users/(?<segment>.*), _genkey_1=/${segment}} to RewritePath
2026-02-11T21:05:21.571+05:30 DEBUG 24151 --- [api-gateway] [freshExecutor-0] o.s.c.g.r.RouteDefinitionRouteLocator    : RouteDefinition matched: user-service
2026-02-11T21:05:21.571+05:30 DEBUG 24151 --- [api-gateway] [freshExecutor-0] o.s.c.g.r.RouteDefinitionRouteLocator    : RouteDefinition order-service applying {_genkey_0=/api/orders/**} to Path
2026-02-11T21:05:21.571+05:30 DEBUG 24151 --- [api-gateway] [freshExecutor-0] o.s.c.g.r.RouteDefinitionRouteLocator    : RouteDefinition order-service applying filter {_genkey_0=/api/orders/(?<segment>.*), _genkey_1=/${segment}} to RewritePath
2026-02-11T21:05:21.571+05:30 DEBUG 24151 --- [api-gateway] [freshExecutor-0] o.s.c.g.r.RouteDefinitionRouteLocator    : RouteDefinition matched: order-service
2026-02-11T21:05:21.571+05:30 DEBUG 24151 --- [api-gateway] [freshExecutor-0] o.s.c.g.r.RouteDefinitionRouteLocator    : RouteDefinition billing-service applying {_genkey_0=/api/billing/**} to Path
2026-02-11T21:05:21.571+05:30 DEBUG 24151 --- [api-gateway] [freshExecutor-0] o.s.c.g.r.RouteDefinitionRouteLocator    : RouteDefinition billing-service applying filter {_genkey_0=/api/billing/(?<segment>.*), _genkey_1=/${segment}} to RewritePath
2026-02-11T21:05:21.572+05:30 DEBUG 24151 --- [api-gateway] [freshExecutor-0] o.s.c.g.r.RouteDefinitionRouteLocator    : RouteDefinition matched: billing-service
2026-02-11T21:05:21.572+05:30 DEBUG 24151 --- [api-gateway] [freshExecutor-0] o.s.c.g.r.RouteDefinitionRouteLocator    : RouteDefinition iam-service applying {_genkey_0=/api/auth/**} to Path
2026-02-11T21:05:21.572+05:30 DEBUG 24151 --- [api-gateway] [freshExecutor-0] o.s.c.g.r.RouteDefinitionRouteLocator    : RouteDefinition iam-service applying filter {_genkey_0=/api/auth/(?<segment>.*), _genkey_1=/${segment}} to RewritePath
2026-02-11T21:05:21.572+05:30 DEBUG 24151 --- [api-gateway] [freshExecutor-0] o.s.c.g.r.RouteDefinitionRouteLocator    : RouteDefinition matched: iam-service
2026-02-11T21:05:21.572+05:30 DEBUG 24151 --- [api-gateway] [freshExecutor-0] o.s.c.g.filter.GatewayMetricsFilter      : New routes count: 5
2026-02-11T21:05:51.585+05:30 DEBUG 24151 --- [api-gateway] [freshExecutor-0] o.s.c.g.r.RouteDefinitionRouteLocator    : RouteDefinition ReactiveCompositeDiscoveryClient_API-GATEWAY applying {pattern=/api-gateway/**} to Path
2026-02-11T21:05:51.587+05:30 DEBUG 24151 --- [api-gateway] [freshExecutor-0] o.s.c.g.r.RouteDefinitionRouteLocator    : RouteDefinition ReactiveCompositeDiscoveryClient_API-GATEWAY applying filter {regexp=/api-gateway/?(?<remaining>.*), replacement=/${remaining}} to RewritePath
2026-02-11T21:05:51.588+05:30 DEBUG 24151 --- [api-gateway] [freshExecutor-0] o.s.c.g.r.RouteDefinitionRouteLocator    : RouteDefinition matched: ReactiveCompositeDiscoveryClient_API-GATEWAY
2026-02-11T21:05:51.588+05:30 DEBUG 24151 --- [api-gateway] [freshExecutor-0] o.s.c.g.r.RouteDefinitionRouteLocator    : RouteDefinition user-service applying {_genkey_0=/api/users/**} to Path
2026-02-11T21:05:51.588+05:30 DEBUG 24151 --- [api-gateway] [freshExecutor-0] o.s.c.g.r.RouteDefinitionRouteLocator    : RouteDefinition user-service applying filter {_genkey_0=/api/users/(?<segment>.*), _genkey_1=/${segment}} to RewritePath
2026-02-11T21:05:51.588+05:30 DEBUG 24151 --- [api-gateway] [freshExecutor-0] o.s.c.g.r.RouteDefinitionRouteLocator    : RouteDefinition matched: user-service
2026-02-11T21:05:51.588+05:30 DEBUG 24151 --- [api-gateway] [freshExecutor-0] o.s.c.g.r.RouteDefinitionRouteLocator    : RouteDefinition order-service applying {_genkey_0=/api/orders/**} to Path
2026-02-11T21:05:51.589+05:30 DEBUG 24151 --- [api-gateway] [freshExecutor-0] o.s.c.g.r.RouteDefinitionRouteLocator    : RouteDefinition order-service applying filter {_genkey_0=/api/orders/(?<segment>.*), _genkey_1=/${segment}} to RewritePath
2026-02-11T21:05:51.589+05:30 DEBUG 24151 --- [api-gateway] [freshExecutor-0] o.s.c.g.r.RouteDefinitionRouteLocator    : RouteDefinition matched: order-service
2026-02-11T21:05:51.589+05:30 DEBUG 24151 --- [api-gateway] [freshExecutor-0] o.s.c.g.r.RouteDefinitionRouteLocator    : RouteDefinition billing-service applying {_genkey_0=/api/billing/**} to Path
2026-02-11T21:05:51.590+05:30 DEBUG 24151 --- [api-gateway] [freshExecutor-0] o.s.c.g.r.RouteDefinitionRouteLocator    : RouteDefinition billing-service applying filter {_genkey_0=/api/billing/(?<segment>.*), _genkey_1=/${segment}} to RewritePath
2026-02-11T21:05:51.590+05:30 DEBUG 24151 --- [api-gateway] [freshExecutor-0] o.s.c.g.r.RouteDefinitionRouteLocator    : RouteDefinition matched: billing-service
2026-02-11T21:05:51.590+05:30 DEBUG 24151 --- [api-gateway] [freshExecutor-0] o.s.c.g.r.RouteDefinitionRouteLocator    : RouteDefinition iam-service applying {_genkey_0=/api/auth/**} to Path
2026-02-11T21:05:51.591+05:30 DEBUG 24151 --- [api-gateway] [freshExecutor-0] o.s.c.g.r.RouteDefinitionRouteLocator    : RouteDefinition iam-service applying filter {_genkey_0=/api/auth/(?<segment>.*), _genkey_1=/${segment}} to RewritePath
2026-02-11T21:05:51.591+05:30 DEBUG 24151 --- [api-gateway] [freshExecutor-0] o.s.c.g.r.RouteDefinitionRouteLocator    : RouteDefinition matched: iam-service
2026-02-11T21:05:51.592+05:30 DEBUG 24151 --- [api-gateway] [freshExecutor-0] o.s.c.g.filter.GatewayMetricsFilter      : New routes count: 5
2026-02-11T21:06:21.606+05:30 DEBUG 24151 --- [api-gateway] [freshExecutor-0] o.s.c.g.r.RouteDefinitionRouteLocator    : RouteDefinition ReactiveCompositeDiscoveryClient_API-GATEWAY applying {pattern=/api-gateway/**} to Path
2026-02-11T21:06:21.609+05:30 DEBUG 24151 --- [api-gateway] [freshExecutor-0] o.s.c.g.r.RouteDefinitionRouteLocator    : RouteDefinition ReactiveCompositeDiscoveryClient_API-GATEWAY applying filter {regexp=/api-gateway/?(?<remaining>.*), replacement=/${remaining}} to RewritePath
2026-02-11T21:06:21.610+05:30 DEBUG 24151 --- [api-gateway] [freshExecutor-0] o.s.c.g.r.RouteDefinitionRouteLocator    : RouteDefinition matched: ReactiveCompositeDiscoveryClient_API-GATEWAY
2026-02-11T21:06:21.610+05:30 DEBUG 24151 --- [api-gateway] [freshExecutor-0] o.s.c.g.r.RouteDefinitionRouteLocator    : RouteDefinition user-service applying {_genkey_0=/api/users/**} to Path
2026-02-11T21:06:21.612+05:30 DEBUG 24151 --- [api-gateway] [freshExecutor-0] o.s.c.g.r.RouteDefinitionRouteLocator    : RouteDefinition user-service applying filter {_genkey_0=/api/users/(?<segment>.*), _genkey_1=/${segment}} to RewritePath
2026-02-11T21:06:21.613+05:30 DEBUG 24151 --- [api-gateway] [freshExecutor-0] o.s.c.g.r.RouteDefinitionRouteLocator    : RouteDefinition matched: user-service
2026-02-11T21:06:21.613+05:30 DEBUG 24151 --- [api-gateway] [freshExecutor-0] o.s.c.g.r.RouteDefinitionRouteLocator    : RouteDefinition order-service applying {_genkey_0=/api/orders/**} to Path
2026-02-11T21:06:21.614+05:30 DEBUG 24151 --- [api-gateway] [freshExecutor-0] o.s.c.g.r.RouteDefinitionRouteLocator    : RouteDefinition order-service applying filter {_genkey_0=/api/orders/(?<segment>.*), _genkey_1=/${segment}} to RewritePath
2026-02-11T21:06:21.614+05:30 DEBUG 24151 --- [api-gateway] [freshExecutor-0] o.s.c.g.r.RouteDefinitionRouteLocator    : RouteDefinition matched: order-service
2026-02-11T21:06:21.614+05:30 DEBUG 24151 --- [api-gateway] [freshExecutor-0] o.s.c.g.r.RouteDefinitionRouteLocator    : RouteDefinition billing-service applying {_genkey_0=/api/billing/**} to Path
2026-02-11T21:06:21.615+05:30 DEBUG 24151 --- [api-gateway] [freshExecutor-0] o.s.c.g.r.RouteDefinitionRouteLocator    : RouteDefinition billing-service applying filter {_genkey_0=/api/billing/(?<segment>.*), _genkey_1=/${segment}} to RewritePath
2026-02-11T21:06:21.616+05:30 DEBUG 24151 --- [api-gateway] [freshExecutor-0] o.s.c.g.r.RouteDefinitionRouteLocator    : RouteDefinition matched: billing-service
2026-02-11T21:06:21.616+05:30 DEBUG 24151 --- [api-gateway] [freshExecutor-0] o.s.c.g.r.RouteDefinitionRouteLocator    : RouteDefinition iam-service applying {_genkey_0=/api/auth/**} to Path
2026-02-11T21:06:21.617+05:30 DEBUG 24151 --- [api-gateway] [freshExecutor-0] o.s.c.g.r.RouteDefinitionRouteLocator    : RouteDefinition iam-service applying filter {_genkey_0=/api/auth/(?<segment>.*), _genkey_1=/${segment}} to RewritePath
2026-02-11T21:06:21.617+05:30 DEBUG 24151 --- [api-gateway] [freshExecutor-0] o.s.c.g.r.RouteDefinitionRouteLocator    : RouteDefinition matched: iam-service
2026-02-11T21:06:21.618+05:30 DEBUG 24151 --- [api-gateway] [freshExecutor-0] o.s.c.g.filter.GatewayMetricsFilter      : New routes count: 5
2026-02-11T21:06:51.297+05:30  INFO 24151 --- [api-gateway] [trap-executor-0] c.n.d.s.r.aws.ConfigClusterResolver      : Resolving eureka endpoints via configuration
2026-02-11T21:06:51.633+05:30 DEBUG 24151 --- [api-gateway] [freshExecutor-0] o.s.c.g.r.RouteDefinitionRouteLocator    : RouteDefinition ReactiveCompositeDiscoveryClient_API-GATEWAY applying {pattern=/api-gateway/**} to Path
2026-02-11T21:06:51.635+05:30 DEBUG 24151 --- [api-gateway] [freshExecutor-0] o.s.c.g.r.RouteDefinitionRouteLocator    : RouteDefinition ReactiveCompositeDiscoveryClient_API-GATEWAY applying filter {regexp=/api-gateway/?(?<remaining>.*), replacement=/${remaining}} to RewritePath
2026-02-11T21:06:51.635+05:30 DEBUG 24151 --- [api-gateway] [freshExecutor-0] o.s.c.g.r.RouteDefinitionRouteLocator    : RouteDefinition matched: ReactiveCompositeDiscoveryClient_API-GATEWAY
2026-02-11T21:06:51.635+05:30 DEBUG 24151 --- [api-gateway] [freshExecutor-0] o.s.c.g.r.RouteDefinitionRouteLocator    : RouteDefinition user-service applying {_genkey_0=/api/users/**} to Path
2026-02-11T21:06:51.636+05:30 DEBUG 24151 --- [api-gateway] [freshExecutor-0] o.s.c.g.r.RouteDefinitionRouteLocator    : RouteDefinition user-service applying filter {_genkey_0=/api/users/(?<segment>.*), _genkey_1=/${segment}} to RewritePath
2026-02-11T21:06:51.637+05:30 DEBUG 24151 --- [api-gateway] [freshExecutor-0] o.s.c.g.r.RouteDefinitionRouteLocator    : RouteDefinition matched: user-service
2026-02-11T21:06:51.637+05:30 DEBUG 24151 --- [api-gateway] [freshExecutor-0] o.s.c.g.r.RouteDefinitionRouteLocator    : RouteDefinition order-service applying {_genkey_0=/api/orders/**} to Path
2026-02-11T21:06:51.637+05:30 DEBUG 24151 --- [api-gateway] [freshExecutor-0] o.s.c.g.r.RouteDefinitionRouteLocator    : RouteDefinition order-service applying filter {_genkey_0=/api/orders/(?<segment>.*), _genkey_1=/${segment}} to RewritePath
2026-02-11T21:06:51.637+05:30 DEBUG 24151 --- [api-gateway] [freshExecutor-0] o.s.c.g.r.RouteDefinitionRouteLocator    : RouteDefinition matched: order-service
2026-02-11T21:06:51.637+05:30 DEBUG 24151 --- [api-gateway] [freshExecutor-0] o.s.c.g.r.RouteDefinitionRouteLocator    : RouteDefinition billing-service applying {_genkey_0=/api/billing/**} to Path
2026-02-11T21:06:51.638+05:30 DEBUG 24151 --- [api-gateway] [freshExecutor-0] o.s.c.g.r.RouteDefinitionRouteLocator    : RouteDefinition billing-service applying filter {_genkey_0=/api/billing/(?<segment>.*), _genkey_1=/${segment}} to RewritePath
2026-02-11T21:06:51.638+05:30 DEBUG 24151 --- [api-gateway] [freshExecutor-0] o.s.c.g.r.RouteDefinitionRouteLocator    : RouteDefinition matched: billing-service
2026-02-11T21:06:51.638+05:30 DEBUG 24151 --- [api-gateway] [freshExecutor-0] o.s.c.g.r.RouteDefinitionRouteLocator    : RouteDefinition iam-service applying {_genkey_0=/api/auth/**} to Path
2026-02-11T21:06:51.638+05:30 DEBUG 24151 --- [api-gateway] [freshExecutor-0] o.s.c.g.r.RouteDefinitionRouteLocator    : RouteDefinition iam-service applying filter {_genkey_0=/api/auth/(?<segment>.*), _genkey_1=/${segment}} to RewritePath
2026-02-11T21:06:51.639+05:30 DEBUG 24151 --- [api-gateway] [freshExecutor-0] o.s.c.g.r.RouteDefinitionRouteLocator    : RouteDefinition matched: iam-service
2026-02-11T21:06:51.640+05:30 DEBUG 24151 --- [api-gateway] [freshExecutor-0] o.s.c.g.filter.GatewayMetricsFilter      : New routes count: 5
2026-02-11T21:07:21.651+05:30 DEBUG 24151 --- [api-gateway] [freshExecutor-0] o.s.c.g.r.RouteDefinitionRouteLocator    : RouteDefinition ReactiveCompositeDiscoveryClient_API-GATEWAY applying {pattern=/api-gateway/**} to Path
2026-02-11T21:07:21.653+05:30 DEBUG 24151 --- [api-gateway] [freshExecutor-0] o.s.c.g.r.RouteDefinitionRouteLocator    : RouteDefinition ReactiveCompositeDiscoveryClient_API-GATEWAY applying filter {regexp=/api-gateway/?(?<remaining>.*), replacement=/${remaining}} to RewritePath
2026-02-11T21:07:21.654+05:30 DEBUG 24151 --- [api-gateway] [freshExecutor-0] o.s.c.g.r.RouteDefinitionRouteLocator    : RouteDefinition matched: ReactiveCompositeDiscoveryClient_API-GATEWAY
2026-02-11T21:07:21.654+05:30 DEBUG 24151 --- [api-gateway] [freshExecutor-0] o.s.c.g.r.RouteDefinitionRouteLocator    : RouteDefinition user-service applying {_genkey_0=/api/users/**} to Path
2026-02-11T21:07:21.655+05:30 DEBUG 24151 --- [api-gateway] [freshExecutor-0] o.s.c.g.r.RouteDefinitionRouteLocator    : RouteDefinition user-service applying filter {_genkey_0=/api/users/(?<segment>.*), _genkey_1=/${segment}} to RewritePath
2026-02-11T21:07:21.655+05:30 DEBUG 24151 --- [api-gateway] [freshExecutor-0] o.s.c.g.r.RouteDefinitionRouteLocator    : RouteDefinition matched: user-service
2026-02-11T21:07:21.655+05:30 DEBUG 24151 --- [api-gateway] [freshExecutor-0] o.s.c.g.r.RouteDefinitionRouteLocator    : RouteDefinition order-service applying {_genkey_0=/api/orders/**} to Path
2026-02-11T21:07:21.655+05:30 DEBUG 24151 --- [api-gateway] [freshExecutor-0] o.s.c.g.r.RouteDefinitionRouteLocator    : RouteDefinition order-service applying filter {_genkey_0=/api/orders/(?<segment>.*), _genkey_1=/${segment}} to RewritePath
2026-02-11T21:07:21.656+05:30 DEBUG 24151 --- [api-gateway] [freshExecutor-0] o.s.c.g.r.RouteDefinitionRouteLocator    : RouteDefinition matched: order-service
2026-02-11T21:07:21.656+05:30 DEBUG 24151 --- [api-gateway] [freshExecutor-0] o.s.c.g.r.RouteDefinitionRouteLocator    : RouteDefinition billing-service applying {_genkey_0=/api/billing/**} to Path
2026-02-11T21:07:21.656+05:30 DEBUG 24151 --- [api-gateway] [freshExecutor-0] o.s.c.g.r.RouteDefinitionRouteLocator    : RouteDefinition billing-service applying filter {_genkey_0=/api/billing/(?<segment>.*), _genkey_1=/${segment}} to RewritePath
2026-02-11T21:07:21.656+05:30 DEBUG 24151 --- [api-gateway] [freshExecutor-0] o.s.c.g.r.RouteDefinitionRouteLocator    : RouteDefinition matched: billing-service
2026-02-11T21:07:21.656+05:30 DEBUG 24151 --- [api-gateway] [freshExecutor-0] o.s.c.g.r.RouteDefinitionRouteLocator    : RouteDefinition iam-service applying {_genkey_0=/api/auth/**} to Path
2026-02-11T21:07:21.657+05:30 DEBUG 24151 --- [api-gateway] [freshExecutor-0] o.s.c.g.r.RouteDefinitionRouteLocator    : RouteDefinition iam-service applying filter {_genkey_0=/api/auth/(?<segment>.*), _genkey_1=/${segment}} to RewritePath
2026-02-11T21:07:21.657+05:30 DEBUG 24151 --- [api-gateway] [freshExecutor-0] o.s.c.g.r.RouteDefinitionRouteLocator    : RouteDefinition matched: iam-service
2026-02-11T21:07:21.658+05:30 DEBUG 24151 --- [api-gateway] [freshExecutor-0] o.s.c.g.filter.GatewayMetricsFilter      : New routes count: 5
2026-02-11T21:07:51.670+05:30 DEBUG 24151 --- [api-gateway] [freshExecutor-0] o.s.c.g.r.RouteDefinitionRouteLocator    : RouteDefinition ReactiveCompositeDiscoveryClient_API-GATEWAY applying {pattern=/api-gateway/**} to Path
2026-02-11T21:07:51.671+05:30 DEBUG 24151 --- [api-gateway] [freshExecutor-0] o.s.c.g.r.RouteDefinitionRouteLocator    : RouteDefinition ReactiveCompositeDiscoveryClient_API-GATEWAY applying filter {regexp=/api-gateway/?(?<remaining>.*), replacement=/${remaining}} to RewritePath
2026-02-11T21:07:51.671+05:30 DEBUG 24151 --- [api-gateway] [freshExecutor-0] o.s.c.g.r.RouteDefinitionRouteLocator    : RouteDefinition matched: ReactiveCompositeDiscoveryClient_API-GATEWAY
2026-02-11T21:07:51.672+05:30 DEBUG 24151 --- [api-gateway] [freshExecutor-0] o.s.c.g.r.RouteDefinitionRouteLocator    : RouteDefinition user-service applying {_genkey_0=/api/users/**} to Path
2026-02-11T21:07:51.672+05:30 DEBUG 24151 --- [api-gateway] [freshExecutor-0] o.s.c.g.r.RouteDefinitionRouteLocator    : RouteDefinition user-service applying filter {_genkey_0=/api/users/(?<segment>.*), _genkey_1=/${segment}} to RewritePath
2026-02-11T21:07:51.672+05:30 DEBUG 24151 --- [api-gateway] [freshExecutor-0] o.s.c.g.r.RouteDefinitionRouteLocator    : RouteDefinition matched: user-service
2026-02-11T21:07:51.672+05:30 DEBUG 24151 --- [api-gateway] [freshExecutor-0] o.s.c.g.r.RouteDefinitionRouteLocator    : RouteDefinition order-service applying {_genkey_0=/api/orders/**} to Path
2026-02-11T21:07:51.673+05:30 DEBUG 24151 --- [api-gateway] [freshExecutor-0] o.s.c.g.r.RouteDefinitionRouteLocator    : RouteDefinition order-service applying filter {_genkey_0=/api/orders/(?<segment>.*), _genkey_1=/${segment}} to RewritePath
2026-02-11T21:07:51.673+05:30 DEBUG 24151 --- [api-gateway] [freshExecutor-0] o.s.c.g.r.RouteDefinitionRouteLocator    : RouteDefinition matched: order-service
2026-02-11T21:07:51.673+05:30 DEBUG 24151 --- [api-gateway] [freshExecutor-0] o.s.c.g.r.RouteDefinitionRouteLocator    : RouteDefinition billing-service applying {_genkey_0=/api/billing/**} to Path
2026-02-11T21:07:51.674+05:30 DEBUG 24151 --- [api-gateway] [freshExecutor-0] o.s.c.g.r.RouteDefinitionRouteLocator    : RouteDefinition billing-service applying filter {_genkey_0=/api/billing/(?<segment>.*), _genkey_1=/${segment}} to RewritePath
2026-02-11T21:07:51.674+05:30 DEBUG 24151 --- [api-gateway] [freshExecutor-0] o.s.c.g.r.RouteDefinitionRouteLocator    : RouteDefinition matched: billing-service
2026-02-11T21:07:51.674+05:30 DEBUG 24151 --- [api-gateway] [freshExecutor-0] o.s.c.g.r.RouteDefinitionRouteLocator    : RouteDefinition iam-service applying {_genkey_0=/api/auth/**} to Path
2026-02-11T21:07:51.674+05:30 DEBUG 24151 --- [api-gateway] [freshExecutor-0] o.s.c.g.r.RouteDefinitionRouteLocator    : RouteDefinition iam-service applying filter {_genkey_0=/api/auth/(?<segment>.*), _genkey_1=/${segment}} to RewritePath
2026-02-11T21:07:51.674+05:30 DEBUG 24151 --- [api-gateway] [freshExecutor-0] o.s.c.g.r.RouteDefinitionRouteLocator    : RouteDefinition matched: iam-service
2026-02-11T21:07:51.675+05:30 DEBUG 24151 --- [api-gateway] [freshExecutor-0] o.s.c.g.filter.GatewayMetricsFilter      : New routes count: 5
2026-02-11T21:08:21.688+05:30 DEBUG 24151 --- [api-gateway] [freshExecutor-0] o.s.c.g.r.RouteDefinitionRouteLocator    : RouteDefinition ReactiveCompositeDiscoveryClient_API-GATEWAY applying {pattern=/api-gateway/**} to Path
2026-02-11T21:08:21.689+05:30 DEBUG 24151 --- [api-gateway] [freshExecutor-0] o.s.c.g.r.RouteDefinitionRouteLocator    : RouteDefinition ReactiveCompositeDiscoveryClient_API-GATEWAY applying filter {regexp=/api-gateway/?(?<remaining>.*), replacement=/${remaining}} to RewritePath
2026-02-11T21:08:21.690+05:30 DEBUG 24151 --- [api-gateway] [freshExecutor-0] o.s.c.g.r.RouteDefinitionRouteLocator    : RouteDefinition matched: ReactiveCompositeDiscoveryClient_API-GATEWAY
2026-02-11T21:08:21.690+05:30 DEBUG 24151 --- [api-gateway] [freshExecutor-0] o.s.c.g.r.RouteDefinitionRouteLocator    : RouteDefinition user-service applying {_genkey_0=/api/users/**} to Path
2026-02-11T21:08:21.691+05:30 DEBUG 24151 --- [api-gateway] [freshExecutor-0] o.s.c.g.r.RouteDefinitionRouteLocator    : RouteDefinition user-service applying filter {_genkey_0=/api/users/(?<segment>.*), _genkey_1=/${segment}} to RewritePath
2026-02-11T21:08:21.691+05:30 DEBUG 24151 --- [api-gateway] [freshExecutor-0] o.s.c.g.r.RouteDefinitionRouteLocator    : RouteDefinition matched: user-service
2026-02-11T21:08:21.691+05:30 DEBUG 24151 --- [api-gateway] [freshExecutor-0] o.s.c.g.r.RouteDefinitionRouteLocator    : RouteDefinition order-service applying {_genkey_0=/api/orders/**} to Path
2026-02-11T21:08:21.692+05:30 DEBUG 24151 --- [api-gateway] [freshExecutor-0] o.s.c.g.r.RouteDefinitionRouteLocator    : RouteDefinition order-service applying filter {_genkey_0=/api/orders/(?<segment>.*), _genkey_1=/${segment}} to RewritePath
2026-02-11T21:08:21.692+05:30 DEBUG 24151 --- [api-gateway] [freshExecutor-0] o.s.c.g.r.RouteDefinitionRouteLocator    : RouteDefinition matched: order-service
2026-02-11T21:08:21.692+05:30 DEBUG 24151 --- [api-gateway] [freshExecutor-0] o.s.c.g.r.RouteDefinitionRouteLocator    : RouteDefinition billing-service applying {_genkey_0=/api/billing/**} to Path
2026-02-11T21:08:21.692+05:30 DEBUG 24151 --- [api-gateway] [freshExecutor-0] o.s.c.g.r.RouteDefinitionRouteLocator    : RouteDefinition billing-service applying filter {_genkey_0=/api/billing/(?<segment>.*), _genkey_1=/${segment}} to RewritePath
2026-02-11T21:08:21.693+05:30 DEBUG 24151 --- [api-gateway] [freshExecutor-0] o.s.c.g.r.RouteDefinitionRouteLocator    : RouteDefinition matched: billing-service
2026-02-11T21:08:21.693+05:30 DEBUG 24151 --- [api-gateway] [freshExecutor-0] o.s.c.g.r.RouteDefinitionRouteLocator    : RouteDefinition iam-service applying {_genkey_0=/api/auth/**} to Path
2026-02-11T21:08:21.693+05:30 DEBUG 24151 --- [api-gateway] [freshExecutor-0] o.s.c.g.r.RouteDefinitionRouteLocator    : RouteDefinition iam-service applying filter {_genkey_0=/api/auth/(?<segment>.*), _genkey_1=/${segment}} to RewritePath
2026-02-11T21:08:21.694+05:30 DEBUG 24151 --- [api-gateway] [freshExecutor-0] o.s.c.g.r.RouteDefinitionRouteLocator    : RouteDefinition matched: iam-service
2026-02-11T21:08:21.695+05:30 DEBUG 24151 --- [api-gateway] [freshExecutor-0] o.s.c.g.filter.GatewayMetricsFilter      : New routes count: 5
2026-02-11T21:08:51.708+05:30 DEBUG 24151 --- [api-gateway] [freshExecutor-0] o.s.c.g.r.RouteDefinitionRouteLocator    : RouteDefinition ReactiveCompositeDiscoveryClient_API-GATEWAY applying {pattern=/api-gateway/**} to Path
2026-02-11T21:08:51.710+05:30 DEBUG 24151 --- [api-gateway] [freshExecutor-0] o.s.c.g.r.RouteDefinitionRouteLocator    : RouteDefinition ReactiveCompositeDiscoveryClient_API-GATEWAY applying filter {regexp=/api-gateway/?(?<remaining>.*), replacement=/${remaining}} to RewritePath
2026-02-11T21:08:51.711+05:30 DEBUG 24151 --- [api-gateway] [freshExecutor-0] o.s.c.g.r.RouteDefinitionRouteLocator    : RouteDefinition matched: ReactiveCompositeDiscoveryClient_API-GATEWAY
2026-02-11T21:08:51.711+05:30 DEBUG 24151 --- [api-gateway] [freshExecutor-0] o.s.c.g.r.RouteDefinitionRouteLocator    : RouteDefinition user-service applying {_genkey_0=/api/users/**} to Path
2026-02-11T21:08:51.711+05:30 DEBUG 24151 --- [api-gateway] [freshExecutor-0] o.s.c.g.r.RouteDefinitionRouteLocator    : RouteDefinition user-service applying filter {_genkey_0=/api/users/(?<segment>.*), _genkey_1=/${segment}} to RewritePath
2026-02-11T21:08:51.712+05:30 DEBUG 24151 --- [api-gateway] [freshExecutor-0] o.s.c.g.r.RouteDefinitionRouteLocator    : RouteDefinition matched: user-service
2026-02-11T21:08:51.712+05:30 DEBUG 24151 --- [api-gateway] [freshExecutor-0] o.s.c.g.r.RouteDefinitionRouteLocator    : RouteDefinition order-service applying {_genkey_0=/api/orders/**} to Path
2026-02-11T21:08:51.712+05:30 DEBUG 24151 --- [api-gateway] [freshExecutor-0] o.s.c.g.r.RouteDefinitionRouteLocator    : RouteDefinition order-service applying filter {_genkey_0=/api/orders/(?<segment>.*), _genkey_1=/${segment}} to RewritePath
2026-02-11T21:08:51.712+05:30 DEBUG 24151 --- [api-gateway] [freshExecutor-0] o.s.c.g.r.RouteDefinitionRouteLocator    : RouteDefinition matched: order-service
2026-02-11T21:08:51.712+05:30 DEBUG 24151 --- [api-gateway] [freshExecutor-0] o.s.c.g.r.RouteDefinitionRouteLocator    : RouteDefinition billing-service applying {_genkey_0=/api/billing/**} to Path
2026-02-11T21:08:51.713+05:30 DEBUG 24151 --- [api-gateway] [freshExecutor-0] o.s.c.g.r.RouteDefinitionRouteLocator    : RouteDefinition billing-service applying filter {_genkey_0=/api/billing/(?<segment>.*), _genkey_1=/${segment}} to RewritePath
2026-02-11T21:08:51.713+05:30 DEBUG 24151 --- [api-gateway] [freshExecutor-0] o.s.c.g.r.RouteDefinitionRouteLocator    : RouteDefinition matched: billing-service
2026-02-11T21:08:51.713+05:30 DEBUG 24151 --- [api-gateway] [freshExecutor-0] o.s.c.g.r.RouteDefinitionRouteLocator    : RouteDefinition iam-service applying {_genkey_0=/api/auth/**} to Path
2026-02-11T21:08:51.713+05:30 DEBUG 24151 --- [api-gateway] [freshExecutor-0] o.s.c.g.r.RouteDefinitionRouteLocator    : RouteDefinition iam-service applying filter {_genkey_0=/api/auth/(?<segment>.*), _genkey_1=/${segment}} to RewritePath
2026-02-11T21:08:51.714+05:30 DEBUG 24151 --- [api-gateway] [freshExecutor-0] o.s.c.g.r.RouteDefinitionRouteLocator    : RouteDefinition matched: iam-service
2026-02-11T21:08:51.714+05:30 DEBUG 24151 --- [api-gateway] [freshExecutor-0] o.s.c.g.filter.GatewayMetricsFilter      : New routes count: 5
2026-02-11T21:09:21.728+05:30 DEBUG 24151 --- [api-gateway] [freshExecutor-0] o.s.c.g.r.RouteDefinitionRouteLocator    : RouteDefinition ReactiveCompositeDiscoveryClient_API-GATEWAY applying {pattern=/api-gateway/**} to Path
2026-02-11T21:09:21.731+05:30 DEBUG 24151 --- [api-gateway] [freshExecutor-0] o.s.c.g.r.RouteDefinitionRouteLocator    : RouteDefinition ReactiveCompositeDiscoveryClient_API-GATEWAY applying filter {regexp=/api-gateway/?(?<remaining>.*), replacement=/${remaining}} to RewritePath
2026-02-11T21:09:21.732+05:30 DEBUG 24151 --- [api-gateway] [freshExecutor-0] o.s.c.g.r.RouteDefinitionRouteLocator    : RouteDefinition matched: ReactiveCompositeDiscoveryClient_API-GATEWAY
2026-02-11T21:09:21.732+05:30 DEBUG 24151 --- [api-gateway] [freshExecutor-0] o.s.c.g.r.RouteDefinitionRouteLocator    : RouteDefinition user-service applying {_genkey_0=/api/users/**} to Path
2026-02-11T21:09:21.733+05:30 DEBUG 24151 --- [api-gateway] [freshExecutor-0] o.s.c.g.r.RouteDefinitionRouteLocator    : RouteDefinition user-service applying filter {_genkey_0=/api/users/(?<segment>.*), _genkey_1=/${segment}} to RewritePath
2026-02-11T21:09:21.733+05:30 DEBUG 24151 --- [api-gateway] [freshExecutor-0] o.s.c.g.r.RouteDefinitionRouteLocator    : RouteDefinition matched: user-service
2026-02-11T21:09:21.733+05:30 DEBUG 24151 --- [api-gateway] [freshExecutor-0] o.s.c.g.r.RouteDefinitionRouteLocator    : RouteDefinition order-service applying {_genkey_0=/api/orders/**} to Path
2026-02-11T21:09:21.734+05:30 DEBUG 24151 --- [api-gateway] [freshExecutor-0] o.s.c.g.r.RouteDefinitionRouteLocator    : RouteDefinition order-service applying filter {_genkey_0=/api/orders/(?<segment>.*), _genkey_1=/${segment}} to RewritePath
2026-02-11T21:09:21.734+05:30 DEBUG 24151 --- [api-gateway] [freshExecutor-0] o.s.c.g.r.RouteDefinitionRouteLocator    : RouteDefinition matched: order-service
2026-02-11T21:09:21.734+05:30 DEBUG 24151 --- [api-gateway] [freshExecutor-0] o.s.c.g.r.RouteDefinitionRouteLocator    : RouteDefinition billing-service applying {_genkey_0=/api/billing/**} to Path
2026-02-11T21:09:21.734+05:30 DEBUG 24151 --- [api-gateway] [freshExecutor-0] o.s.c.g.r.RouteDefinitionRouteLocator    : RouteDefinition billing-service applying filter {_genkey_0=/api/billing/(?<segment>.*), _genkey_1=/${segment}} to RewritePath
2026-02-11T21:09:21.734+05:30 DEBUG 24151 --- [api-gateway] [freshExecutor-0] o.s.c.g.r.RouteDefinitionRouteLocator    : RouteDefinition matched: billing-service
2026-02-11T21:09:21.734+05:30 DEBUG 24151 --- [api-gateway] [freshExecutor-0] o.s.c.g.r.RouteDefinitionRouteLocator    : RouteDefinition iam-service applying {_genkey_0=/api/auth/**} to Path
2026-02-11T21:09:21.735+05:30 DEBUG 24151 --- [api-gateway] [freshExecutor-0] o.s.c.g.r.RouteDefinitionRouteLocator    : RouteDefinition iam-service applying filter {_genkey_0=/api/auth/(?<segment>.*), _genkey_1=/${segment}} to RewritePath
2026-02-11T21:09:21.735+05:30 DEBUG 24151 --- [api-gateway] [freshExecutor-0] o.s.c.g.r.RouteDefinitionRouteLocator    : RouteDefinition matched: iam-service
2026-02-11T21:09:21.736+05:30 DEBUG 24151 --- [api-gateway] [freshExecutor-0] o.s.c.g.filter.GatewayMetricsFilter      : New routes count: 5
2026-02-11T21:09:51.747+05:30 DEBUG 24151 --- [api-gateway] [freshExecutor-0] o.s.c.g.r.RouteDefinitionRouteLocator    : RouteDefinition ReactiveCompositeDiscoveryClient_API-GATEWAY applying {pattern=/api-gateway/**} to Path
2026-02-11T21:09:51.749+05:30 DEBUG 24151 --- [api-gateway] [freshExecutor-0] o.s.c.g.r.RouteDefinitionRouteLocator    : RouteDefinition ReactiveCompositeDiscoveryClient_API-GATEWAY applying filter {regexp=/api-gateway/?(?<remaining>.*), replacement=/${remaining}} to RewritePath
2026-02-11T21:09:51.750+05:30 DEBUG 24151 --- [api-gateway] [freshExecutor-0] o.s.c.g.r.RouteDefinitionRouteLocator    : RouteDefinition matched: ReactiveCompositeDiscoveryClient_API-GATEWAY
2026-02-11T21:09:51.750+05:30 DEBUG 24151 --- [api-gateway] [freshExecutor-0] o.s.c.g.r.RouteDefinitionRouteLocator    : RouteDefinition user-service applying {_genkey_0=/api/users/**} to Path
2026-02-11T21:09:51.750+05:30 DEBUG 24151 --- [api-gateway] [freshExecutor-0] o.s.c.g.r.RouteDefinitionRouteLocator    : RouteDefinition user-service applying filter {_genkey_0=/api/users/(?<segment>.*), _genkey_1=/${segment}} to RewritePath
2026-02-11T21:09:51.751+05:30 DEBUG 24151 --- [api-gateway] [freshExecutor-0] o.s.c.g.r.RouteDefinitionRouteLocator    : RouteDefinition matched: user-service
2026-02-11T21:09:51.751+05:30 DEBUG 24151 --- [api-gateway] [freshExecutor-0] o.s.c.g.r.RouteDefinitionRouteLocator    : RouteDefinition order-service applying {_genkey_0=/api/orders/**} to Path
2026-02-11T21:09:51.751+05:30 DEBUG 24151 --- [api-gateway] [freshExecutor-0] o.s.c.g.r.RouteDefinitionRouteLocator    : RouteDefinition order-service applying filter {_genkey_0=/api/orders/(?<segment>.*), _genkey_1=/${segment}} to RewritePath
2026-02-11T21:09:51.751+05:30 DEBUG 24151 --- [api-gateway] [freshExecutor-0] o.s.c.g.r.RouteDefinitionRouteLocator    : RouteDefinition matched: order-service
2026-02-11T21:09:51.751+05:30 DEBUG 24151 --- [api-gateway] [freshExecutor-0] o.s.c.g.r.RouteDefinitionRouteLocator    : RouteDefinition billing-service applying {_genkey_0=/api/billing/**} to Path
2026-02-11T21:09:51.752+05:30 DEBUG 24151 --- [api-gateway] [freshExecutor-0] o.s.c.g.r.RouteDefinitionRouteLocator    : RouteDefinition billing-service applying filter {_genkey_0=/api/billing/(?<segment>.*), _genkey_1=/${segment}} to RewritePath
2026-02-11T21:09:51.753+05:30 DEBUG 24151 --- [api-gateway] [freshExecutor-0] o.s.c.g.r.RouteDefinitionRouteLocator    : RouteDefinition matched: billing-service
2026-02-11T21:09:51.753+05:30 DEBUG 24151 --- [api-gateway] [freshExecutor-0] o.s.c.g.r.RouteDefinitionRouteLocator    : RouteDefinition iam-service applying {_genkey_0=/api/auth/**} to Path
2026-02-11T21:09:51.754+05:30 DEBUG 24151 --- [api-gateway] [freshExecutor-0] o.s.c.g.r.RouteDefinitionRouteLocator    : RouteDefinition iam-service applying filter {_genkey_0=/api/auth/(?<segment>.*), _genkey_1=/${segment}} to RewritePath
2026-02-11T21:09:51.754+05:30 DEBUG 24151 --- [api-gateway] [freshExecutor-0] o.s.c.g.r.RouteDefinitionRouteLocator    : RouteDefinition matched: iam-service
2026-02-11T21:09:51.755+05:30 DEBUG 24151 --- [api-gateway] [freshExecutor-0] o.s.c.g.filter.GatewayMetricsFilter      : New routes count: 5
2026-02-11T21:10:21.767+05:30 DEBUG 24151 --- [api-gateway] [freshExecutor-0] o.s.c.g.r.RouteDefinitionRouteLocator    : RouteDefinition ReactiveCompositeDiscoveryClient_API-GATEWAY applying {pattern=/api-gateway/**} to Path
2026-02-11T21:10:21.769+05:30 DEBUG 24151 --- [api-gateway] [freshExecutor-0] o.s.c.g.r.RouteDefinitionRouteLocator    : RouteDefinition ReactiveCompositeDiscoveryClient_API-GATEWAY applying filter {regexp=/api-gateway/?(?<remaining>.*), replacement=/${remaining}} to RewritePath
2026-02-11T21:10:21.770+05:30 DEBUG 24151 --- [api-gateway] [freshExecutor-0] o.s.c.g.r.RouteDefinitionRouteLocator    : RouteDefinition matched: ReactiveCompositeDiscoveryClient_API-GATEWAY
2026-02-11T21:10:21.770+05:30 DEBUG 24151 --- [api-gateway] [freshExecutor-0] o.s.c.g.r.RouteDefinitionRouteLocator    : RouteDefinition user-service applying {_genkey_0=/api/users/**} to Path
2026-02-11T21:10:21.770+05:30 DEBUG 24151 --- [api-gateway] [freshExecutor-0] o.s.c.g.r.RouteDefinitionRouteLocator    : RouteDefinition user-service applying filter {_genkey_0=/api/users/(?<segment>.*), _genkey_1=/${segment}} to RewritePath
2026-02-11T21:10:21.771+05:30 DEBUG 24151 --- [api-gateway] [freshExecutor-0] o.s.c.g.r.RouteDefinitionRouteLocator    : RouteDefinition matched: user-service
2026-02-11T21:10:21.771+05:30 DEBUG 24151 --- [api-gateway] [freshExecutor-0] o.s.c.g.r.RouteDefinitionRouteLocator    : RouteDefinition order-service applying {_genkey_0=/api/orders/**} to Path
2026-02-11T21:10:21.771+05:30 DEBUG 24151 --- [api-gateway] [freshExecutor-0] o.s.c.g.r.RouteDefinitionRouteLocator    : RouteDefinition order-service applying filter {_genkey_0=/api/orders/(?<segment>.*), _genkey_1=/${segment}} to RewritePath
2026-02-11T21:10:21.771+05:30 DEBUG 24151 --- [api-gateway] [freshExecutor-0] o.s.c.g.r.RouteDefinitionRouteLocator    : RouteDefinition matched: order-service
2026-02-11T21:10:21.771+05:30 DEBUG 24151 --- [api-gateway] [freshExecutor-0] o.s.c.g.r.RouteDefinitionRouteLocator    : RouteDefinition billing-service applying {_genkey_0=/api/billing/**} to Path
2026-02-11T21:10:21.772+05:30 DEBUG 24151 --- [api-gateway] [freshExecutor-0] o.s.c.g.r.RouteDefinitionRouteLocator    : RouteDefinition billing-service applying filter {_genkey_0=/api/billing/(?<segment>.*), _genkey_1=/${segment}} to RewritePath
2026-02-11T21:10:21.772+05:30 DEBUG 24151 --- [api-gateway] [freshExecutor-0] o.s.c.g.r.RouteDefinitionRouteLocator    : RouteDefinition matched: billing-service
2026-02-11T21:10:21.772+05:30 DEBUG 24151 --- [api-gateway] [freshExecutor-0] o.s.c.g.r.RouteDefinitionRouteLocator    : RouteDefinition iam-service applying {_genkey_0=/api/auth/**} to Path
2026-02-11T21:10:21.772+05:30 DEBUG 24151 --- [api-gateway] [freshExecutor-0] o.s.c.g.r.RouteDefinitionRouteLocator    : RouteDefinition iam-service applying filter {_genkey_0=/api/auth/(?<segment>.*), _genkey_1=/${segment}} to RewritePath
2026-02-11T21:10:21.773+05:30 DEBUG 24151 --- [api-gateway] [freshExecutor-0] o.s.c.g.r.RouteDefinitionRouteLocator    : RouteDefinition matched: iam-service
2026-02-11T21:10:21.773+05:30 DEBUG 24151 --- [api-gateway] [freshExecutor-0] o.s.c.g.filter.GatewayMetricsFilter      : New routes count: 5
2026-02-11T21:10:51.785+05:30 DEBUG 24151 --- [api-gateway] [freshExecutor-0] o.s.c.g.r.RouteDefinitionRouteLocator    : RouteDefinition ReactiveCompositeDiscoveryClient_API-GATEWAY applying {pattern=/api-gateway/**} to Path
2026-02-11T21:10:51.788+05:30 DEBUG 24151 --- [api-gateway] [freshExecutor-0] o.s.c.g.r.RouteDefinitionRouteLocator    : RouteDefinition ReactiveCompositeDiscoveryClient_API-GATEWAY applying filter {regexp=/api-gateway/?(?<remaining>.*), replacement=/${remaining}} to RewritePath
2026-02-11T21:10:51.789+05:30 DEBUG 24151 --- [api-gateway] [freshExecutor-0] o.s.c.g.r.RouteDefinitionRouteLocator    : RouteDefinition matched: ReactiveCompositeDiscoveryClient_API-GATEWAY
2026-02-11T21:10:51.789+05:30 DEBUG 24151 --- [api-gateway] [freshExecutor-0] o.s.c.g.r.RouteDefinitionRouteLocator    : RouteDefinition user-service applying {_genkey_0=/api/users/**} to Path
2026-02-11T21:10:51.789+05:30 DEBUG 24151 --- [api-gateway] [freshExecutor-0] o.s.c.g.r.RouteDefinitionRouteLocator    : RouteDefinition user-service applying filter {_genkey_0=/api/users/(?<segment>.*), _genkey_1=/${segment}} to RewritePath
2026-02-11T21:10:51.790+05:30 DEBUG 24151 --- [api-gateway] [freshExecutor-0] o.s.c.g.r.RouteDefinitionRouteLocator    : RouteDefinition matched: user-service
2026-02-11T21:10:51.790+05:30 DEBUG 24151 --- [api-gateway] [freshExecutor-0] o.s.c.g.r.RouteDefinitionRouteLocator    : RouteDefinition order-service applying {_genkey_0=/api/orders/**} to Path
2026-02-11T21:10:51.790+05:30 DEBUG 24151 --- [api-gateway] [freshExecutor-0] o.s.c.g.r.RouteDefinitionRouteLocator    : RouteDefinition order-service applying filter {_genkey_0=/api/orders/(?<segment>.*), _genkey_1=/${segment}} to RewritePath
2026-02-11T21:10:51.791+05:30 DEBUG 24151 --- [api-gateway] [freshExecutor-0] o.s.c.g.r.RouteDefinitionRouteLocator    : RouteDefinition matched: order-service
2026-02-11T21:10:51.791+05:30 DEBUG 24151 --- [api-gateway] [freshExecutor-0] o.s.c.g.r.RouteDefinitionRouteLocator    : RouteDefinition billing-service applying {_genkey_0=/api/billing/**} to Path
2026-02-11T21:10:51.791+05:30 DEBUG 24151 --- [api-gateway] [freshExecutor-0] o.s.c.g.r.RouteDefinitionRouteLocator    : RouteDefinition billing-service applying filter {_genkey_0=/api/billing/(?<segment>.*), _genkey_1=/${segment}} to RewritePath
2026-02-11T21:10:51.791+05:30 DEBUG 24151 --- [api-gateway] [freshExecutor-0] o.s.c.g.r.RouteDefinitionRouteLocator    : RouteDefinition matched: billing-service
2026-02-11T21:10:51.791+05:30 DEBUG 24151 --- [api-gateway] [freshExecutor-0] o.s.c.g.r.RouteDefinitionRouteLocator    : RouteDefinition iam-service applying {_genkey_0=/api/auth/**} to Path
2026-02-11T21:10:51.792+05:30 DEBUG 24151 --- [api-gateway] [freshExecutor-0] o.s.c.g.r.RouteDefinitionRouteLocator    : RouteDefinition iam-service applying filter {_genkey_0=/api/auth/(?<segment>.*), _genkey_1=/${segment}} to RewritePath
2026-02-11T21:10:51.792+05:30 DEBUG 24151 --- [api-gateway] [freshExecutor-0] o.s.c.g.r.RouteDefinitionRouteLocator    : RouteDefinition matched: iam-service
2026-02-11T21:10:51.793+05:30 DEBUG 24151 --- [api-gateway] [freshExecutor-0] o.s.c.g.filter.GatewayMetricsFilter      : New routes count: 5
2026-02-11T21:11:21.804+05:30 DEBUG 24151 --- [api-gateway] [freshExecutor-0] o.s.c.g.r.RouteDefinitionRouteLocator    : RouteDefinition ReactiveCompositeDiscoveryClient_API-GATEWAY applying {pattern=/api-gateway/**} to Path
2026-02-11T21:11:21.807+05:30 DEBUG 24151 --- [api-gateway] [freshExecutor-0] o.s.c.g.r.RouteDefinitionRouteLocator    : RouteDefinition ReactiveCompositeDiscoveryClient_API-GATEWAY applying filter {regexp=/api-gateway/?(?<remaining>.*), replacement=/${remaining}} to RewritePath
2026-02-11T21:11:21.808+05:30 DEBUG 24151 --- [api-gateway] [freshExecutor-0] o.s.c.g.r.RouteDefinitionRouteLocator    : RouteDefinition matched: ReactiveCompositeDiscoveryClient_API-GATEWAY
2026-02-11T21:11:21.808+05:30 DEBUG 24151 --- [api-gateway] [freshExecutor-0] o.s.c.g.r.RouteDefinitionRouteLocator    : RouteDefinition user-service applying {_genkey_0=/api/users/**} to Path
2026-02-11T21:11:21.808+05:30 DEBUG 24151 --- [api-gateway] [freshExecutor-0] o.s.c.g.r.RouteDefinitionRouteLocator    : RouteDefinition user-service applying filter {_genkey_0=/api/users/(?<segment>.*), _genkey_1=/${segment}} to RewritePath
2026-02-11T21:11:21.808+05:30 DEBUG 24151 --- [api-gateway] [freshExecutor-0] o.s.c.g.r.RouteDefinitionRouteLocator    : RouteDefinition matched: user-service
2026-02-11T21:11:21.809+05:30 DEBUG 24151 --- [api-gateway] [freshExecutor-0] o.s.c.g.r.RouteDefinitionRouteLocator    : RouteDefinition order-service applying {_genkey_0=/api/orders/**} to Path
2026-02-11T21:11:21.809+05:30 DEBUG 24151 --- [api-gateway] [freshExecutor-0] o.s.c.g.r.RouteDefinitionRouteLocator    : RouteDefinition order-service applying filter {_genkey_0=/api/orders/(?<segment>.*), _genkey_1=/${segment}} to RewritePath
2026-02-11T21:11:21.810+05:30 DEBUG 24151 --- [api-gateway] [freshExecutor-0] o.s.c.g.r.RouteDefinitionRouteLocator    : RouteDefinition matched: order-service
2026-02-11T21:11:21.810+05:30 DEBUG 24151 --- [api-gateway] [freshExecutor-0] o.s.c.g.r.RouteDefinitionRouteLocator    : RouteDefinition billing-service applying {_genkey_0=/api/billing/**} to Path
2026-02-11T21:11:21.810+05:30 DEBUG 24151 --- [api-gateway] [freshExecutor-0] o.s.c.g.r.RouteDefinitionRouteLocator    : RouteDefinition billing-service applying filter {_genkey_0=/api/billing/(?<segment>.*), _genkey_1=/${segment}} to RewritePath
2026-02-11T21:11:21.811+05:30 DEBUG 24151 --- [api-gateway] [freshExecutor-0] o.s.c.g.r.RouteDefinitionRouteLocator    : RouteDefinition matched: billing-service
2026-02-11T21:11:21.811+05:30 DEBUG 24151 --- [api-gateway] [freshExecutor-0] o.s.c.g.r.RouteDefinitionRouteLocator    : RouteDefinition iam-service applying {_genkey_0=/api/auth/**} to Path
2026-02-11T21:11:21.811+05:30 DEBUG 24151 --- [api-gateway] [freshExecutor-0] o.s.c.g.r.RouteDefinitionRouteLocator    : RouteDefinition iam-service applying filter {_genkey_0=/api/auth/(?<segment>.*), _genkey_1=/${segment}} to RewritePath
2026-02-11T21:11:21.812+05:30 DEBUG 24151 --- [api-gateway] [freshExecutor-0] o.s.c.g.r.RouteDefinitionRouteLocator    : RouteDefinition matched: iam-service
2026-02-11T21:11:21.813+05:30 DEBUG 24151 --- [api-gateway] [freshExecutor-0] o.s.c.g.filter.GatewayMetricsFilter      : New routes count: 5
2026-02-11T21:11:51.304+05:30  INFO 24151 --- [api-gateway] [trap-executor-0] c.n.d.s.r.aws.ConfigClusterResolver      : Resolving eureka endpoints via configuration
2026-02-11T21:11:51.822+05:30 DEBUG 24151 --- [api-gateway] [freshExecutor-0] o.s.c.g.r.RouteDefinitionRouteLocator    : RouteDefinition ReactiveCompositeDiscoveryClient_API-GATEWAY applying {pattern=/api-gateway/**} to Path
2026-02-11T21:11:51.824+05:30 DEBUG 24151 --- [api-gateway] [freshExecutor-0] o.s.c.g.r.RouteDefinitionRouteLocator    : RouteDefinition ReactiveCompositeDiscoveryClient_API-GATEWAY applying filter {regexp=/api-gateway/?(?<remaining>.*), replacement=/${remaining}} to RewritePath
2026-02-11T21:11:51.824+05:30 DEBUG 24151 --- [api-gateway] [freshExecutor-0] o.s.c.g.r.RouteDefinitionRouteLocator    : RouteDefinition matched: ReactiveCompositeDiscoveryClient_API-GATEWAY
2026-02-11T21:11:51.824+05:30 DEBUG 24151 --- [api-gateway] [freshExecutor-0] o.s.c.g.r.RouteDefinitionRouteLocator    : RouteDefinition user-service applying {_genkey_0=/api/users/**} to Path
2026-02-11T21:11:51.825+05:30 DEBUG 24151 --- [api-gateway] [freshExecutor-0] o.s.c.g.r.RouteDefinitionRouteLocator    : RouteDefinition user-service applying filter {_genkey_0=/api/users/(?<segment>.*), _genkey_1=/${segment}} to RewritePath
2026-02-11T21:11:51.825+05:30 DEBUG 24151 --- [api-gateway] [freshExecutor-0] o.s.c.g.r.RouteDefinitionRouteLocator    : RouteDefinition matched: user-service
2026-02-11T21:11:51.825+05:30 DEBUG 24151 --- [api-gateway] [freshExecutor-0] o.s.c.g.r.RouteDefinitionRouteLocator    : RouteDefinition order-service applying {_genkey_0=/api/orders/**} to Path
2026-02-11T21:11:51.826+05:30 DEBUG 24151 --- [api-gateway] [freshExecutor-0] o.s.c.g.r.RouteDefinitionRouteLocator    : RouteDefinition order-service applying filter {_genkey_0=/api/orders/(?<segment>.*), _genkey_1=/${segment}} to RewritePath
2026-02-11T21:11:51.826+05:30 DEBUG 24151 --- [api-gateway] [freshExecutor-0] o.s.c.g.r.RouteDefinitionRouteLocator    : RouteDefinition matched: order-service
2026-02-11T21:11:51.826+05:30 DEBUG 24151 --- [api-gateway] [freshExecutor-0] o.s.c.g.r.RouteDefinitionRouteLocator    : RouteDefinition billing-service applying {_genkey_0=/api/billing/**} to Path
2026-02-11T21:11:51.826+05:30 DEBUG 24151 --- [api-gateway] [freshExecutor-0] o.s.c.g.r.RouteDefinitionRouteLocator    : RouteDefinition billing-service applying filter {_genkey_0=/api/billing/(?<segment>.*), _genkey_1=/${segment}} to RewritePath
2026-02-11T21:11:51.827+05:30 DEBUG 24151 --- [api-gateway] [freshExecutor-0] o.s.c.g.r.RouteDefinitionRouteLocator    : RouteDefinition matched: billing-service
2026-02-11T21:11:51.827+05:30 DEBUG 24151 --- [api-gateway] [freshExecutor-0] o.s.c.g.r.RouteDefinitionRouteLocator    : RouteDefinition iam-service applying {_genkey_0=/api/auth/**} to Path
2026-02-11T21:11:51.827+05:30 DEBUG 24151 --- [api-gateway] [freshExecutor-0] o.s.c.g.r.RouteDefinitionRouteLocator    : RouteDefinition iam-service applying filter {_genkey_0=/api/auth/(?<segment>.*), _genkey_1=/${segment}} to RewritePath
2026-02-11T21:11:51.828+05:30 DEBUG 24151 --- [api-gateway] [freshExecutor-0] o.s.c.g.r.RouteDefinitionRouteLocator    : RouteDefinition matched: iam-service
2026-02-11T21:11:51.828+05:30 DEBUG 24151 --- [api-gateway] [freshExecutor-0] o.s.c.g.filter.GatewayMetricsFilter      : New routes count: 5
2026-02-11T21:12:21.840+05:30 DEBUG 24151 --- [api-gateway] [freshExecutor-0] o.s.c.g.r.RouteDefinitionRouteLocator    : RouteDefinition ReactiveCompositeDiscoveryClient_API-GATEWAY applying {pattern=/api-gateway/**} to Path
2026-02-11T21:12:21.842+05:30 DEBUG 24151 --- [api-gateway] [freshExecutor-0] o.s.c.g.r.RouteDefinitionRouteLocator    : RouteDefinition ReactiveCompositeDiscoveryClient_API-GATEWAY applying filter {regexp=/api-gateway/?(?<remaining>.*), replacement=/${remaining}} to RewritePath
2026-02-11T21:12:21.843+05:30 DEBUG 24151 --- [api-gateway] [freshExecutor-0] o.s.c.g.r.RouteDefinitionRouteLocator    : RouteDefinition matched: ReactiveCompositeDiscoveryClient_API-GATEWAY
2026-02-11T21:12:21.843+05:30 DEBUG 24151 --- [api-gateway] [freshExecutor-0] o.s.c.g.r.RouteDefinitionRouteLocator    : RouteDefinition user-service applying {_genkey_0=/api/users/**} to Path
2026-02-11T21:12:21.844+05:30 DEBUG 24151 --- [api-gateway] [freshExecutor-0] o.s.c.g.r.RouteDefinitionRouteLocator    : RouteDefinition user-service applying filter {_genkey_0=/api/users/(?<segment>.*), _genkey_1=/${segment}} to RewritePath
2026-02-11T21:12:21.844+05:30 DEBUG 24151 --- [api-gateway] [freshExecutor-0] o.s.c.g.r.RouteDefinitionRouteLocator    : RouteDefinition matched: user-service
2026-02-11T21:12:21.844+05:30 DEBUG 24151 --- [api-gateway] [freshExecutor-0] o.s.c.g.r.RouteDefinitionRouteLocator    : RouteDefinition order-service applying {_genkey_0=/api/orders/**} to Path
2026-02-11T21:12:21.844+05:30 DEBUG 24151 --- [api-gateway] [freshExecutor-0] o.s.c.g.r.RouteDefinitionRouteLocator    : RouteDefinition order-service applying filter {_genkey_0=/api/orders/(?<segment>.*), _genkey_1=/${segment}} to RewritePath
2026-02-11T21:12:21.845+05:30 DEBUG 24151 --- [api-gateway] [freshExecutor-0] o.s.c.g.r.RouteDefinitionRouteLocator    : RouteDefinition matched: order-service
2026-02-11T21:12:21.845+05:30 DEBUG 24151 --- [api-gateway] [freshExecutor-0] o.s.c.g.r.RouteDefinitionRouteLocator    : RouteDefinition billing-service applying {_genkey_0=/api/billing/**} to Path
2026-02-11T21:12:21.845+05:30 DEBUG 24151 --- [api-gateway] [freshExecutor-0] o.s.c.g.r.RouteDefinitionRouteLocator    : RouteDefinition billing-service applying filter {_genkey_0=/api/billing/(?<segment>.*), _genkey_1=/${segment}} to RewritePath
2026-02-11T21:12:21.845+05:30 DEBUG 24151 --- [api-gateway] [freshExecutor-0] o.s.c.g.r.RouteDefinitionRouteLocator    : RouteDefinition matched: billing-service
2026-02-11T21:12:21.845+05:30 DEBUG 24151 --- [api-gateway] [freshExecutor-0] o.s.c.g.r.RouteDefinitionRouteLocator    : RouteDefinition iam-service applying {_genkey_0=/api/auth/**} to Path
2026-02-11T21:12:21.846+05:30 DEBUG 24151 --- [api-gateway] [freshExecutor-0] o.s.c.g.r.RouteDefinitionRouteLocator    : RouteDefinition iam-service applying filter {_genkey_0=/api/auth/(?<segment>.*), _genkey_1=/${segment}} to RewritePath
2026-02-11T21:12:21.846+05:30 DEBUG 24151 --- [api-gateway] [freshExecutor-0] o.s.c.g.r.RouteDefinitionRouteLocator    : RouteDefinition matched: iam-service
2026-02-11T21:12:21.847+05:30 DEBUG 24151 --- [api-gateway] [freshExecutor-0] o.s.c.g.filter.GatewayMetricsFilter      : New routes count: 5
2026-02-11T21:12:51.860+05:30 DEBUG 24151 --- [api-gateway] [freshExecutor-0] o.s.c.g.r.RouteDefinitionRouteLocator    : RouteDefinition ReactiveCompositeDiscoveryClient_API-GATEWAY applying {pattern=/api-gateway/**} to Path
2026-02-11T21:12:51.862+05:30 DEBUG 24151 --- [api-gateway] [freshExecutor-0] o.s.c.g.r.RouteDefinitionRouteLocator    : RouteDefinition ReactiveCompositeDiscoveryClient_API-GATEWAY applying filter {regexp=/api-gateway/?(?<remaining>.*), replacement=/${remaining}} to RewritePath
2026-02-11T21:12:51.863+05:30 DEBUG 24151 --- [api-gateway] [freshExecutor-0] o.s.c.g.r.RouteDefinitionRouteLocator    : RouteDefinition matched: ReactiveCompositeDiscoveryClient_API-GATEWAY
2026-02-11T21:12:51.863+05:30 DEBUG 24151 --- [api-gateway] [freshExecutor-0] o.s.c.g.r.RouteDefinitionRouteLocator    : RouteDefinition user-service applying {_genkey_0=/api/users/**} to Path
2026-02-11T21:12:51.863+05:30 DEBUG 24151 --- [api-gateway] [freshExecutor-0] o.s.c.g.r.RouteDefinitionRouteLocator    : RouteDefinition user-service applying filter {_genkey_0=/api/users/(?<segment>.*), _genkey_1=/${segment}} to RewritePath
2026-02-11T21:12:51.864+05:30 DEBUG 24151 --- [api-gateway] [freshExecutor-0] o.s.c.g.r.RouteDefinitionRouteLocator    : RouteDefinition matched: user-service
2026-02-11T21:12:51.864+05:30 DEBUG 24151 --- [api-gateway] [freshExecutor-0] o.s.c.g.r.RouteDefinitionRouteLocator    : RouteDefinition order-service applying {_genkey_0=/api/orders/**} to Path
2026-02-11T21:12:51.864+05:30 DEBUG 24151 --- [api-gateway] [freshExecutor-0] o.s.c.g.r.RouteDefinitionRouteLocator    : RouteDefinition order-service applying filter {_genkey_0=/api/orders/(?<segment>.*), _genkey_1=/${segment}} to RewritePath
2026-02-11T21:12:51.864+05:30 DEBUG 24151 --- [api-gateway] [freshExecutor-0] o.s.c.g.r.RouteDefinitionRouteLocator    : RouteDefinition matched: order-service
2026-02-11T21:12:51.865+05:30 DEBUG 24151 --- [api-gateway] [freshExecutor-0] o.s.c.g.r.RouteDefinitionRouteLocator    : RouteDefinition billing-service applying {_genkey_0=/api/billing/**} to Path
2026-02-11T21:12:51.865+05:30 DEBUG 24151 --- [api-gateway] [freshExecutor-0] o.s.c.g.r.RouteDefinitionRouteLocator    : RouteDefinition billing-service applying filter {_genkey_0=/api/billing/(?<segment>.*), _genkey_1=/${segment}} to RewritePath
2026-02-11T21:12:51.865+05:30 DEBUG 24151 --- [api-gateway] [freshExecutor-0] o.s.c.g.r.RouteDefinitionRouteLocator    : RouteDefinition matched: billing-service
2026-02-11T21:12:51.865+05:30 DEBUG 24151 --- [api-gateway] [freshExecutor-0] o.s.c.g.r.RouteDefinitionRouteLocator    : RouteDefinition iam-service applying {_genkey_0=/api/auth/**} to Path
2026-02-11T21:12:51.865+05:30 DEBUG 24151 --- [api-gateway] [freshExecutor-0] o.s.c.g.r.RouteDefinitionRouteLocator    : RouteDefinition iam-service applying filter {_genkey_0=/api/auth/(?<segment>.*), _genkey_1=/${segment}} to RewritePath
2026-02-11T21:12:51.866+05:30 DEBUG 24151 --- [api-gateway] [freshExecutor-0] o.s.c.g.r.RouteDefinitionRouteLocator    : RouteDefinition matched: iam-service
2026-02-11T21:12:51.867+05:30 DEBUG 24151 --- [api-gateway] [freshExecutor-0] o.s.c.g.filter.GatewayMetricsFilter      : New routes count: 5
2026-02-11T21:13:21.878+05:30 DEBUG 24151 --- [api-gateway] [freshExecutor-0] o.s.c.g.r.RouteDefinitionRouteLocator    : RouteDefinition ReactiveCompositeDiscoveryClient_API-GATEWAY applying {pattern=/api-gateway/**} to Path
2026-02-11T21:13:21.880+05:30 DEBUG 24151 --- [api-gateway] [freshExecutor-0] o.s.c.g.r.RouteDefinitionRouteLocator    : RouteDefinition ReactiveCompositeDiscoveryClient_API-GATEWAY applying filter {regexp=/api-gateway/?(?<remaining>.*), replacement=/${remaining}} to RewritePath
2026-02-11T21:13:21.880+05:30 DEBUG 24151 --- [api-gateway] [freshExecutor-0] o.s.c.g.r.RouteDefinitionRouteLocator    : RouteDefinition matched: ReactiveCompositeDiscoveryClient_API-GATEWAY
2026-02-11T21:13:21.880+05:30 DEBUG 24151 --- [api-gateway] [freshExecutor-0] o.s.c.g.r.RouteDefinitionRouteLocator    : RouteDefinition user-service applying {_genkey_0=/api/users/**} to Path
2026-02-11T21:13:21.881+05:30 DEBUG 24151 --- [api-gateway] [freshExecutor-0] o.s.c.g.r.RouteDefinitionRouteLocator    : RouteDefinition user-service applying filter {_genkey_0=/api/users/(?<segment>.*), _genkey_1=/${segment}} to RewritePath
2026-02-11T21:13:21.881+05:30 DEBUG 24151 --- [api-gateway] [freshExecutor-0] o.s.c.g.r.RouteDefinitionRouteLocator    : RouteDefinition matched: user-service
2026-02-11T21:13:21.881+05:30 DEBUG 24151 --- [api-gateway] [freshExecutor-0] o.s.c.g.r.RouteDefinitionRouteLocator    : RouteDefinition order-service applying {_genkey_0=/api/orders/**} to Path
2026-02-11T21:13:21.882+05:30 DEBUG 24151 --- [api-gateway] [freshExecutor-0] o.s.c.g.r.RouteDefinitionRouteLocator    : RouteDefinition order-service applying filter {_genkey_0=/api/orders/(?<segment>.*), _genkey_1=/${segment}} to RewritePath
2026-02-11T21:13:21.882+05:30 DEBUG 24151 --- [api-gateway] [freshExecutor-0] o.s.c.g.r.RouteDefinitionRouteLocator    : RouteDefinition matched: order-service
2026-02-11T21:13:21.882+05:30 DEBUG 24151 --- [api-gateway] [freshExecutor-0] o.s.c.g.r.RouteDefinitionRouteLocator    : RouteDefinition billing-service applying {_genkey_0=/api/billing/**} to Path
2026-02-11T21:13:21.882+05:30 DEBUG 24151 --- [api-gateway] [freshExecutor-0] o.s.c.g.r.RouteDefinitionRouteLocator    : RouteDefinition billing-service applying filter {_genkey_0=/api/billing/(?<segment>.*), _genkey_1=/${segment}} to RewritePath
2026-02-11T21:13:21.883+05:30 DEBUG 24151 --- [api-gateway] [freshExecutor-0] o.s.c.g.r.RouteDefinitionRouteLocator    : RouteDefinition matched: billing-service
2026-02-11T21:13:21.883+05:30 DEBUG 24151 --- [api-gateway] [freshExecutor-0] o.s.c.g.r.RouteDefinitionRouteLocator    : RouteDefinition iam-service applying {_genkey_0=/api/auth/**} to Path
2026-02-11T21:13:21.883+05:30 DEBUG 24151 --- [api-gateway] [freshExecutor-0] o.s.c.g.r.RouteDefinitionRouteLocator    : RouteDefinition iam-service applying filter {_genkey_0=/api/auth/(?<segment>.*), _genkey_1=/${segment}} to RewritePath
2026-02-11T21:13:21.883+05:30 DEBUG 24151 --- [api-gateway] [freshExecutor-0] o.s.c.g.r.RouteDefinitionRouteLocator    : RouteDefinition matched: iam-service
2026-02-11T21:13:21.884+05:30 DEBUG 24151 --- [api-gateway] [freshExecutor-0] o.s.c.g.filter.GatewayMetricsFilter      : New routes count: 5
2026-02-11T21:13:51.892+05:30 DEBUG 24151 --- [api-gateway] [freshExecutor-0] o.s.c.g.r.RouteDefinitionRouteLocator    : RouteDefinition ReactiveCompositeDiscoveryClient_API-GATEWAY applying {pattern=/api-gateway/**} to Path
2026-02-11T21:13:51.893+05:30 DEBUG 24151 --- [api-gateway] [freshExecutor-0] o.s.c.g.r.RouteDefinitionRouteLocator    : RouteDefinition ReactiveCompositeDiscoveryClient_API-GATEWAY applying filter {regexp=/api-gateway/?(?<remaining>.*), replacement=/${remaining}} to RewritePath
2026-02-11T21:13:51.893+05:30 DEBUG 24151 --- [api-gateway] [freshExecutor-0] o.s.c.g.r.RouteDefinitionRouteLocator    : RouteDefinition matched: ReactiveCompositeDiscoveryClient_API-GATEWAY
2026-02-11T21:13:51.893+05:30 DEBUG 24151 --- [api-gateway] [freshExecutor-0] o.s.c.g.r.RouteDefinitionRouteLocator    : RouteDefinition user-service applying {_genkey_0=/api/users/**} to Path
2026-02-11T21:13:51.893+05:30 DEBUG 24151 --- [api-gateway] [freshExecutor-0] o.s.c.g.r.RouteDefinitionRouteLocator    : RouteDefinition user-service applying filter {_genkey_0=/api/users/(?<segment>.*), _genkey_1=/${segment}} to RewritePath
2026-02-11T21:13:51.893+05:30 DEBUG 24151 --- [api-gateway] [freshExecutor-0] o.s.c.g.r.RouteDefinitionRouteLocator    : RouteDefinition matched: user-service
2026-02-11T21:13:51.893+05:30 DEBUG 24151 --- [api-gateway] [freshExecutor-0] o.s.c.g.r.RouteDefinitionRouteLocator    : RouteDefinition order-service applying {_genkey_0=/api/orders/**} to Path
2026-02-11T21:13:51.894+05:30 DEBUG 24151 --- [api-gateway] [freshExecutor-0] o.s.c.g.r.RouteDefinitionRouteLocator    : RouteDefinition order-service applying filter {_genkey_0=/api/orders/(?<segment>.*), _genkey_1=/${segment}} to RewritePath
2026-02-11T21:13:51.894+05:30 DEBUG 24151 --- [api-gateway] [freshExecutor-0] o.s.c.g.r.RouteDefinitionRouteLocator    : RouteDefinition matched: order-service
2026-02-11T21:13:51.894+05:30 DEBUG 24151 --- [api-gateway] [freshExecutor-0] o.s.c.g.r.RouteDefinitionRouteLocator    : RouteDefinition billing-service applying {_genkey_0=/api/billing/**} to Path
2026-02-11T21:13:51.894+05:30 DEBUG 24151 --- [api-gateway] [freshExecutor-0] o.s.c.g.r.RouteDefinitionRouteLocator    : RouteDefinition billing-service applying filter {_genkey_0=/api/billing/(?<segment>.*), _genkey_1=/${segment}} to RewritePath
2026-02-11T21:13:51.894+05:30 DEBUG 24151 --- [api-gateway] [freshExecutor-0] o.s.c.g.r.RouteDefinitionRouteLocator    : RouteDefinition matched: billing-service
2026-02-11T21:13:51.894+05:30 DEBUG 24151 --- [api-gateway] [freshExecutor-0] o.s.c.g.r.RouteDefinitionRouteLocator    : RouteDefinition iam-service applying {_genkey_0=/api/auth/**} to Path
2026-02-11T21:13:51.895+05:30 DEBUG 24151 --- [api-gateway] [freshExecutor-0] o.s.c.g.r.RouteDefinitionRouteLocator    : RouteDefinition iam-service applying filter {_genkey_0=/api/auth/(?<segment>.*), _genkey_1=/${segment}} to RewritePath
2026-02-11T21:13:51.896+05:30 DEBUG 24151 --- [api-gateway] [freshExecutor-0] o.s.c.g.r.RouteDefinitionRouteLocator    : RouteDefinition matched: iam-service
2026-02-11T21:13:51.896+05:30 DEBUG 24151 --- [api-gateway] [freshExecutor-0] o.s.c.g.filter.GatewayMetricsFilter      : New routes count: 5
2026-02-11T21:14:21.908+05:30 DEBUG 24151 --- [api-gateway] [freshExecutor-0] o.s.c.g.r.RouteDefinitionRouteLocator    : RouteDefinition ReactiveCompositeDiscoveryClient_API-GATEWAY applying {pattern=/api-gateway/**} to Path
2026-02-11T21:14:21.910+05:30 DEBUG 24151 --- [api-gateway] [freshExecutor-0] o.s.c.g.r.RouteDefinitionRouteLocator    : RouteDefinition ReactiveCompositeDiscoveryClient_API-GATEWAY applying filter {regexp=/api-gateway/?(?<remaining>.*), replacement=/${remaining}} to RewritePath
2026-02-11T21:14:21.910+05:30 DEBUG 24151 --- [api-gateway] [freshExecutor-0] o.s.c.g.r.RouteDefinitionRouteLocator    : RouteDefinition matched: ReactiveCompositeDiscoveryClient_API-GATEWAY
2026-02-11T21:14:21.910+05:30 DEBUG 24151 --- [api-gateway] [freshExecutor-0] o.s.c.g.r.RouteDefinitionRouteLocator    : RouteDefinition user-service applying {_genkey_0=/api/users/**} to Path
2026-02-11T21:14:21.910+05:30 DEBUG 24151 --- [api-gateway] [freshExecutor-0] o.s.c.g.r.RouteDefinitionRouteLocator    : RouteDefinition user-service applying filter {_genkey_0=/api/users/(?<segment>.*), _genkey_1=/${segment}} to RewritePath
2026-02-11T21:14:21.911+05:30 DEBUG 24151 --- [api-gateway] [freshExecutor-0] o.s.c.g.r.RouteDefinitionRouteLocator    : RouteDefinition matched: user-service
2026-02-11T21:14:21.911+05:30 DEBUG 24151 --- [api-gateway] [freshExecutor-0] o.s.c.g.r.RouteDefinitionRouteLocator    : RouteDefinition order-service applying {_genkey_0=/api/orders/**} to Path
2026-02-11T21:14:21.911+05:30 DEBUG 24151 --- [api-gateway] [freshExecutor-0] o.s.c.g.r.RouteDefinitionRouteLocator    : RouteDefinition order-service applying filter {_genkey_0=/api/orders/(?<segment>.*), _genkey_1=/${segment}} to RewritePath
2026-02-11T21:14:21.911+05:30 DEBUG 24151 --- [api-gateway] [freshExecutor-0] o.s.c.g.r.RouteDefinitionRouteLocator    : RouteDefinition matched: order-service
2026-02-11T21:14:21.911+05:30 DEBUG 24151 --- [api-gateway] [freshExecutor-0] o.s.c.g.r.RouteDefinitionRouteLocator    : RouteDefinition billing-service applying {_genkey_0=/api/billing/**} to Path
2026-02-11T21:14:21.912+05:30 DEBUG 24151 --- [api-gateway] [freshExecutor-0] o.s.c.g.r.RouteDefinitionRouteLocator    : RouteDefinition billing-service applying filter {_genkey_0=/api/billing/(?<segment>.*), _genkey_1=/${segment}} to RewritePath
2026-02-11T21:14:21.912+05:30 DEBUG 24151 --- [api-gateway] [freshExecutor-0] o.s.c.g.r.RouteDefinitionRouteLocator    : RouteDefinition matched: billing-service
2026-02-11T21:14:21.912+05:30 DEBUG 24151 --- [api-gateway] [freshExecutor-0] o.s.c.g.r.RouteDefinitionRouteLocator    : RouteDefinition iam-service applying {_genkey_0=/api/auth/**} to Path
2026-02-11T21:14:21.912+05:30 DEBUG 24151 --- [api-gateway] [freshExecutor-0] o.s.c.g.r.RouteDefinitionRouteLocator    : RouteDefinition iam-service applying filter {_genkey_0=/api/auth/(?<segment>.*), _genkey_1=/${segment}} to RewritePath
2026-02-11T21:14:21.912+05:30 DEBUG 24151 --- [api-gateway] [freshExecutor-0] o.s.c.g.r.RouteDefinitionRouteLocator    : RouteDefinition matched: iam-service
2026-02-11T21:14:21.913+05:30 DEBUG 24151 --- [api-gateway] [freshExecutor-0] o.s.c.g.filter.GatewayMetricsFilter      : New routes count: 5
2026-02-11T21:14:51.922+05:30 DEBUG 24151 --- [api-gateway] [freshExecutor-0] o.s.c.g.r.RouteDefinitionRouteLocator    : RouteDefinition ReactiveCompositeDiscoveryClient_API-GATEWAY applying {pattern=/api-gateway/**} to Path
2026-02-11T21:14:51.923+05:30 DEBUG 24151 --- [api-gateway] [freshExecutor-0] o.s.c.g.r.RouteDefinitionRouteLocator    : RouteDefinition ReactiveCompositeDiscoveryClient_API-GATEWAY applying filter {regexp=/api-gateway/?(?<remaining>.*), replacement=/${remaining}} to RewritePath
2026-02-11T21:14:51.924+05:30 DEBUG 24151 --- [api-gateway] [freshExecutor-0] o.s.c.g.r.RouteDefinitionRouteLocator    : RouteDefinition matched: ReactiveCompositeDiscoveryClient_API-GATEWAY
2026-02-11T21:14:51.924+05:30 DEBUG 24151 --- [api-gateway] [freshExecutor-0] o.s.c.g.r.RouteDefinitionRouteLocator    : RouteDefinition user-service applying {_genkey_0=/api/users/**} to Path
2026-02-11T21:14:51.924+05:30 DEBUG 24151 --- [api-gateway] [freshExecutor-0] o.s.c.g.r.RouteDefinitionRouteLocator    : RouteDefinition user-service applying filter {_genkey_0=/api/users/(?<segment>.*), _genkey_1=/${segment}} to RewritePath
2026-02-11T21:14:51.924+05:30 DEBUG 24151 --- [api-gateway] [freshExecutor-0] o.s.c.g.r.RouteDefinitionRouteLocator    : RouteDefinition matched: user-service
2026-02-11T21:14:51.924+05:30 DEBUG 24151 --- [api-gateway] [freshExecutor-0] o.s.c.g.r.RouteDefinitionRouteLocator    : RouteDefinition order-service applying {_genkey_0=/api/orders/**} to Path
2026-02-11T21:14:51.924+05:30 DEBUG 24151 --- [api-gateway] [freshExecutor-0] o.s.c.g.r.RouteDefinitionRouteLocator    : RouteDefinition order-service applying filter {_genkey_0=/api/orders/(?<segment>.*), _genkey_1=/${segment}} to RewritePath
2026-02-11T21:14:51.925+05:30 DEBUG 24151 --- [api-gateway] [freshExecutor-0] o.s.c.g.r.RouteDefinitionRouteLocator    : RouteDefinition matched: order-service
2026-02-11T21:14:51.925+05:30 DEBUG 24151 --- [api-gateway] [freshExecutor-0] o.s.c.g.r.RouteDefinitionRouteLocator    : RouteDefinition billing-service applying {_genkey_0=/api/billing/**} to Path
2026-02-11T21:14:51.925+05:30 DEBUG 24151 --- [api-gateway] [freshExecutor-0] o.s.c.g.r.RouteDefinitionRouteLocator    : RouteDefinition billing-service applying filter {_genkey_0=/api/billing/(?<segment>.*), _genkey_1=/${segment}} to RewritePath
2026-02-11T21:14:51.925+05:30 DEBUG 24151 --- [api-gateway] [freshExecutor-0] o.s.c.g.r.RouteDefinitionRouteLocator    : RouteDefinition matched: billing-service
2026-02-11T21:14:51.925+05:30 DEBUG 24151 --- [api-gateway] [freshExecutor-0] o.s.c.g.r.RouteDefinitionRouteLocator    : RouteDefinition iam-service applying {_genkey_0=/api/auth/**} to Path
2026-02-11T21:14:51.925+05:30 DEBUG 24151 --- [api-gateway] [freshExecutor-0] o.s.c.g.r.RouteDefinitionRouteLocator    : RouteDefinition iam-service applying filter {_genkey_0=/api/auth/(?<segment>.*), _genkey_1=/${segment}} to RewritePath
2026-02-11T21:14:51.926+05:30 DEBUG 24151 --- [api-gateway] [freshExecutor-0] o.s.c.g.r.RouteDefinitionRouteLocator    : RouteDefinition matched: iam-service
2026-02-11T21:14:51.926+05:30 DEBUG 24151 --- [api-gateway] [freshExecutor-0] o.s.c.g.filter.GatewayMetricsFilter      : New routes count: 5
2026-02-11T21:15:21.936+05:30 DEBUG 24151 --- [api-gateway] [freshExecutor-0] o.s.c.g.r.RouteDefinitionRouteLocator    : RouteDefinition ReactiveCompositeDiscoveryClient_API-GATEWAY applying {pattern=/api-gateway/**} to Path
2026-02-11T21:15:21.938+05:30 DEBUG 24151 --- [api-gateway] [freshExecutor-0] o.s.c.g.r.RouteDefinitionRouteLocator    : RouteDefinition ReactiveCompositeDiscoveryClient_API-GATEWAY applying filter {regexp=/api-gateway/?(?<remaining>.*), replacement=/${remaining}} to RewritePath
2026-02-11T21:15:21.938+05:30 DEBUG 24151 --- [api-gateway] [freshExecutor-0] o.s.c.g.r.RouteDefinitionRouteLocator    : RouteDefinition matched: ReactiveCompositeDiscoveryClient_API-GATEWAY
2026-02-11T21:15:21.938+05:30 DEBUG 24151 --- [api-gateway] [freshExecutor-0] o.s.c.g.r.RouteDefinitionRouteLocator    : RouteDefinition user-service applying {_genkey_0=/api/users/**} to Path
2026-02-11T21:15:21.939+05:30 DEBUG 24151 --- [api-gateway] [freshExecutor-0] o.s.c.g.r.RouteDefinitionRouteLocator    : RouteDefinition user-service applying filter {_genkey_0=/api/users/(?<segment>.*), _genkey_1=/${segment}} to RewritePath
2026-02-11T21:15:21.939+05:30 DEBUG 24151 --- [api-gateway] [freshExecutor-0] o.s.c.g.r.RouteDefinitionRouteLocator    : RouteDefinition matched: user-service
2026-02-11T21:15:21.939+05:30 DEBUG 24151 --- [api-gateway] [freshExecutor-0] o.s.c.g.r.RouteDefinitionRouteLocator    : RouteDefinition order-service applying {_genkey_0=/api/orders/**} to Path
2026-02-11T21:15:21.939+05:30 DEBUG 24151 --- [api-gateway] [freshExecutor-0] o.s.c.g.r.RouteDefinitionRouteLocator    : RouteDefinition order-service applying filter {_genkey_0=/api/orders/(?<segment>.*), _genkey_1=/${segment}} to RewritePath
2026-02-11T21:15:21.939+05:30 DEBUG 24151 --- [api-gateway] [freshExecutor-0] o.s.c.g.r.RouteDefinitionRouteLocator    : RouteDefinition matched: order-service
2026-02-11T21:15:21.939+05:30 DEBUG 24151 --- [api-gateway] [freshExecutor-0] o.s.c.g.r.RouteDefinitionRouteLocator    : RouteDefinition billing-service applying {_genkey_0=/api/billing/**} to Path
2026-02-11T21:15:21.940+05:30 DEBUG 24151 --- [api-gateway] [freshExecutor-0] o.s.c.g.r.RouteDefinitionRouteLocator    : RouteDefinition billing-service applying filter {_genkey_0=/api/billing/(?<segment>.*), _genkey_1=/${segment}} to RewritePath
2026-02-11T21:15:21.940+05:30 DEBUG 24151 --- [api-gateway] [freshExecutor-0] o.s.c.g.r.RouteDefinitionRouteLocator    : RouteDefinition matched: billing-service
2026-02-11T21:15:21.940+05:30 DEBUG 24151 --- [api-gateway] [freshExecutor-0] o.s.c.g.r.RouteDefinitionRouteLocator    : RouteDefinition iam-service applying {_genkey_0=/api/auth/**} to Path
2026-02-11T21:15:21.940+05:30 DEBUG 24151 --- [api-gateway] [freshExecutor-0] o.s.c.g.r.RouteDefinitionRouteLocator    : RouteDefinition iam-service applying filter {_genkey_0=/api/auth/(?<segment>.*), _genkey_1=/${segment}} to RewritePath
2026-02-11T21:15:21.940+05:30 DEBUG 24151 --- [api-gateway] [freshExecutor-0] o.s.c.g.r.RouteDefinitionRouteLocator    : RouteDefinition matched: iam-service
2026-02-11T21:15:21.941+05:30 DEBUG 24151 --- [api-gateway] [freshExecutor-0] o.s.c.g.filter.GatewayMetricsFilter      : New routes count: 5
2026-02-11T21:15:51.953+05:30 DEBUG 24151 --- [api-gateway] [freshExecutor-0] o.s.c.g.r.RouteDefinitionRouteLocator    : RouteDefinition ReactiveCompositeDiscoveryClient_API-GATEWAY applying {pattern=/api-gateway/**} to Path
2026-02-11T21:15:51.954+05:30 DEBUG 24151 --- [api-gateway] [freshExecutor-0] o.s.c.g.r.RouteDefinitionRouteLocator    : RouteDefinition ReactiveCompositeDiscoveryClient_API-GATEWAY applying filter {regexp=/api-gateway/?(?<remaining>.*), replacement=/${remaining}} to RewritePath
2026-02-11T21:15:51.954+05:30 DEBUG 24151 --- [api-gateway] [freshExecutor-0] o.s.c.g.r.RouteDefinitionRouteLocator    : RouteDefinition matched: ReactiveCompositeDiscoveryClient_API-GATEWAY
2026-02-11T21:15:51.954+05:30 DEBUG 24151 --- [api-gateway] [freshExecutor-0] o.s.c.g.r.RouteDefinitionRouteLocator    : RouteDefinition user-service applying {_genkey_0=/api/users/**} to Path
2026-02-11T21:15:51.954+05:30 DEBUG 24151 --- [api-gateway] [freshExecutor-0] o.s.c.g.r.RouteDefinitionRouteLocator    : RouteDefinition user-service applying filter {_genkey_0=/api/users/(?<segment>.*), _genkey_1=/${segment}} to RewritePath
2026-02-11T21:15:51.954+05:30 DEBUG 24151 --- [api-gateway] [freshExecutor-0] o.s.c.g.r.RouteDefinitionRouteLocator    : RouteDefinition matched: user-service
2026-02-11T21:15:51.954+05:30 DEBUG 24151 --- [api-gateway] [freshExecutor-0] o.s.c.g.r.RouteDefinitionRouteLocator    : RouteDefinition order-service applying {_genkey_0=/api/orders/**} to Path
2026-02-11T21:15:51.955+05:30 DEBUG 24151 --- [api-gateway] [freshExecutor-0] o.s.c.g.r.RouteDefinitionRouteLocator    : RouteDefinition order-service applying filter {_genkey_0=/api/orders/(?<segment>.*), _genkey_1=/${segment}} to RewritePath
2026-02-11T21:15:51.955+05:30 DEBUG 24151 --- [api-gateway] [freshExecutor-0] o.s.c.g.r.RouteDefinitionRouteLocator    : RouteDefinition matched: order-service
2026-02-11T21:15:51.955+05:30 DEBUG 24151 --- [api-gateway] [freshExecutor-0] o.s.c.g.r.RouteDefinitionRouteLocator    : RouteDefinition billing-service applying {_genkey_0=/api/billing/**} to Path
2026-02-11T21:15:51.955+05:30 DEBUG 24151 --- [api-gateway] [freshExecutor-0] o.s.c.g.r.RouteDefinitionRouteLocator    : RouteDefinition billing-service applying filter {_genkey_0=/api/billing/(?<segment>.*), _genkey_1=/${segment}} to RewritePath
2026-02-11T21:15:51.955+05:30 DEBUG 24151 --- [api-gateway] [freshExecutor-0] o.s.c.g.r.RouteDefinitionRouteLocator    : RouteDefinition matched: billing-service
2026-02-11T21:15:51.955+05:30 DEBUG 24151 --- [api-gateway] [freshExecutor-0] o.s.c.g.r.RouteDefinitionRouteLocator    : RouteDefinition iam-service applying {_genkey_0=/api/auth/**} to Path
2026-02-11T21:15:51.956+05:30 DEBUG 24151 --- [api-gateway] [freshExecutor-0] o.s.c.g.r.RouteDefinitionRouteLocator    : RouteDefinition iam-service applying filter {_genkey_0=/api/auth/(?<segment>.*), _genkey_1=/${segment}} to RewritePath
2026-02-11T21:15:51.956+05:30 DEBUG 24151 --- [api-gateway] [freshExecutor-0] o.s.c.g.r.RouteDefinitionRouteLocator    : RouteDefinition matched: iam-service
2026-02-11T21:15:51.956+05:30 DEBUG 24151 --- [api-gateway] [freshExecutor-0] o.s.c.g.filter.GatewayMetricsFilter      : New routes count: 5
2026-02-11T21:16:21.965+05:30 DEBUG 24151 --- [api-gateway] [freshExecutor-0] o.s.c.g.r.RouteDefinitionRouteLocator    : RouteDefinition ReactiveCompositeDiscoveryClient_API-GATEWAY applying {pattern=/api-gateway/**} to Path
2026-02-11T21:16:21.966+05:30 DEBUG 24151 --- [api-gateway] [freshExecutor-0] o.s.c.g.r.RouteDefinitionRouteLocator    : RouteDefinition ReactiveCompositeDiscoveryClient_API-GATEWAY applying filter {regexp=/api-gateway/?(?<remaining>.*), replacement=/${remaining}} to RewritePath
2026-02-11T21:16:21.966+05:30 DEBUG 24151 --- [api-gateway] [freshExecutor-0] o.s.c.g.r.RouteDefinitionRouteLocator    : RouteDefinition matched: ReactiveCompositeDiscoveryClient_API-GATEWAY
2026-02-11T21:16:21.966+05:30 DEBUG 24151 --- [api-gateway] [freshExecutor-0] o.s.c.g.r.RouteDefinitionRouteLocator    : RouteDefinition user-service applying {_genkey_0=/api/users/**} to Path
2026-02-11T21:16:21.966+05:30 DEBUG 24151 --- [api-gateway] [freshExecutor-0] o.s.c.g.r.RouteDefinitionRouteLocator    : RouteDefinition user-service applying filter {_genkey_0=/api/users/(?<segment>.*), _genkey_1=/${segment}} to RewritePath
2026-02-11T21:16:21.966+05:30 DEBUG 24151 --- [api-gateway] [freshExecutor-0] o.s.c.g.r.RouteDefinitionRouteLocator    : RouteDefinition matched: user-service
2026-02-11T21:16:21.966+05:30 DEBUG 24151 --- [api-gateway] [freshExecutor-0] o.s.c.g.r.RouteDefinitionRouteLocator    : RouteDefinition order-service applying {_genkey_0=/api/orders/**} to Path
2026-02-11T21:16:21.966+05:30 DEBUG 24151 --- [api-gateway] [freshExecutor-0] o.s.c.g.r.RouteDefinitionRouteLocator    : RouteDefinition order-service applying filter {_genkey_0=/api/orders/(?<segment>.*), _genkey_1=/${segment}} to RewritePath
2026-02-11T21:16:21.966+05:30 DEBUG 24151 --- [api-gateway] [freshExecutor-0] o.s.c.g.r.RouteDefinitionRouteLocator    : RouteDefinition matched: order-service
2026-02-11T21:16:21.966+05:30 DEBUG 24151 --- [api-gateway] [freshExecutor-0] o.s.c.g.r.RouteDefinitionRouteLocator    : RouteDefinition billing-service applying {_genkey_0=/api/billing/**} to Path
2026-02-11T21:16:21.966+05:30 DEBUG 24151 --- [api-gateway] [freshExecutor-0] o.s.c.g.r.RouteDefinitionRouteLocator    : RouteDefinition billing-service applying filter {_genkey_0=/api/billing/(?<segment>.*), _genkey_1=/${segment}} to RewritePath
2026-02-11T21:16:21.967+05:30 DEBUG 24151 --- [api-gateway] [freshExecutor-0] o.s.c.g.r.RouteDefinitionRouteLocator    : RouteDefinition matched: billing-service
2026-02-11T21:16:21.967+05:30 DEBUG 24151 --- [api-gateway] [freshExecutor-0] o.s.c.g.r.RouteDefinitionRouteLocator    : RouteDefinition iam-service applying {_genkey_0=/api/auth/**} to Path
2026-02-11T21:16:21.967+05:30 DEBUG 24151 --- [api-gateway] [freshExecutor-0] o.s.c.g.r.RouteDefinitionRouteLocator    : RouteDefinition iam-service applying filter {_genkey_0=/api/auth/(?<segment>.*), _genkey_1=/${segment}} to RewritePath
2026-02-11T21:16:21.967+05:30 DEBUG 24151 --- [api-gateway] [freshExecutor-0] o.s.c.g.r.RouteDefinitionRouteLocator    : RouteDefinition matched: iam-service
2026-02-11T21:16:21.967+05:30 DEBUG 24151 --- [api-gateway] [freshExecutor-0] o.s.c.g.filter.GatewayMetricsFilter      : New routes count: 5
2026-02-11T21:16:51.305+05:30  INFO 24151 --- [api-gateway] [trap-executor-0] c.n.d.s.r.aws.ConfigClusterResolver      : Resolving eureka endpoints via configuration
2026-02-11T21:16:51.980+05:30 DEBUG 24151 --- [api-gateway] [freshExecutor-0] o.s.c.g.r.RouteDefinitionRouteLocator    : RouteDefinition ReactiveCompositeDiscoveryClient_API-GATEWAY applying {pattern=/api-gateway/**} to Path
2026-02-11T21:16:51.981+05:30 DEBUG 24151 --- [api-gateway] [freshExecutor-0] o.s.c.g.r.RouteDefinitionRouteLocator    : RouteDefinition ReactiveCompositeDiscoveryClient_API-GATEWAY applying filter {regexp=/api-gateway/?(?<remaining>.*), replacement=/${remaining}} to RewritePath
2026-02-11T21:16:51.981+05:30 DEBUG 24151 --- [api-gateway] [freshExecutor-0] o.s.c.g.r.RouteDefinitionRouteLocator    : RouteDefinition matched: ReactiveCompositeDiscoveryClient_API-GATEWAY
2026-02-11T21:16:51.981+05:30 DEBUG 24151 --- [api-gateway] [freshExecutor-0] o.s.c.g.r.RouteDefinitionRouteLocator    : RouteDefinition user-service applying {_genkey_0=/api/users/**} to Path
2026-02-11T21:16:51.981+05:30 DEBUG 24151 --- [api-gateway] [freshExecutor-0] o.s.c.g.r.RouteDefinitionRouteLocator    : RouteDefinition user-service applying filter {_genkey_0=/api/users/(?<segment>.*), _genkey_1=/${segment}} to RewritePath
2026-02-11T21:16:51.982+05:30 DEBUG 24151 --- [api-gateway] [freshExecutor-0] o.s.c.g.r.RouteDefinitionRouteLocator    : RouteDefinition matched: user-service
2026-02-11T21:16:51.982+05:30 DEBUG 24151 --- [api-gateway] [freshExecutor-0] o.s.c.g.r.RouteDefinitionRouteLocator    : RouteDefinition order-service applying {_genkey_0=/api/orders/**} to Path
2026-02-11T21:16:51.982+05:30 DEBUG 24151 --- [api-gateway] [freshExecutor-0] o.s.c.g.r.RouteDefinitionRouteLocator    : RouteDefinition order-service applying filter {_genkey_0=/api/orders/(?<segment>.*), _genkey_1=/${segment}} to RewritePath
2026-02-11T21:16:51.982+05:30 DEBUG 24151 --- [api-gateway] [freshExecutor-0] o.s.c.g.r.RouteDefinitionRouteLocator    : RouteDefinition matched: order-service
2026-02-11T21:16:51.982+05:30 DEBUG 24151 --- [api-gateway] [freshExecutor-0] o.s.c.g.r.RouteDefinitionRouteLocator    : RouteDefinition billing-service applying {_genkey_0=/api/billing/**} to Path
2026-02-11T21:16:51.983+05:30 DEBUG 24151 --- [api-gateway] [freshExecutor-0] o.s.c.g.r.RouteDefinitionRouteLocator    : RouteDefinition billing-service applying filter {_genkey_0=/api/billing/(?<segment>.*), _genkey_1=/${segment}} to RewritePath
2026-02-11T21:16:51.983+05:30 DEBUG 24151 --- [api-gateway] [freshExecutor-0] o.s.c.g.r.RouteDefinitionRouteLocator    : RouteDefinition matched: billing-service
2026-02-11T21:16:51.983+05:30 DEBUG 24151 --- [api-gateway] [freshExecutor-0] o.s.c.g.r.RouteDefinitionRouteLocator    : RouteDefinition iam-service applying {_genkey_0=/api/auth/**} to Path
2026-02-11T21:16:51.983+05:30 DEBUG 24151 --- [api-gateway] [freshExecutor-0] o.s.c.g.r.RouteDefinitionRouteLocator    : RouteDefinition iam-service applying filter {_genkey_0=/api/auth/(?<segment>.*), _genkey_1=/${segment}} to RewritePath
2026-02-11T21:16:51.983+05:30 DEBUG 24151 --- [api-gateway] [freshExecutor-0] o.s.c.g.r.RouteDefinitionRouteLocator    : RouteDefinition matched: iam-service
2026-02-11T21:16:51.984+05:30 DEBUG 24151 --- [api-gateway] [freshExecutor-0] o.s.c.g.filter.GatewayMetricsFilter      : New routes count: 5
2026-02-11T21:17:21.990+05:30 DEBUG 24151 --- [api-gateway] [freshExecutor-0] o.s.c.g.r.RouteDefinitionRouteLocator    : RouteDefinition ReactiveCompositeDiscoveryClient_API-GATEWAY applying {pattern=/api-gateway/**} to Path
2026-02-11T21:17:21.991+05:30 DEBUG 24151 --- [api-gateway] [freshExecutor-0] o.s.c.g.r.RouteDefinitionRouteLocator    : RouteDefinition ReactiveCompositeDiscoveryClient_API-GATEWAY applying filter {regexp=/api-gateway/?(?<remaining>.*), replacement=/${remaining}} to RewritePath
2026-02-11T21:17:21.991+05:30 DEBUG 24151 --- [api-gateway] [freshExecutor-0] o.s.c.g.r.RouteDefinitionRouteLocator    : RouteDefinition matched: ReactiveCompositeDiscoveryClient_API-GATEWAY
2026-02-11T21:17:21.991+05:30 DEBUG 24151 --- [api-gateway] [freshExecutor-0] o.s.c.g.r.RouteDefinitionRouteLocator    : RouteDefinition user-service applying {_genkey_0=/api/users/**} to Path
2026-02-11T21:17:21.991+05:30 DEBUG 24151 --- [api-gateway] [freshExecutor-0] o.s.c.g.r.RouteDefinitionRouteLocator    : RouteDefinition user-service applying filter {_genkey_0=/api/users/(?<segment>.*), _genkey_1=/${segment}} to RewritePath
2026-02-11T21:17:21.991+05:30 DEBUG 24151 --- [api-gateway] [freshExecutor-0] o.s.c.g.r.RouteDefinitionRouteLocator    : RouteDefinition matched: user-service
2026-02-11T21:17:21.991+05:30 DEBUG 24151 --- [api-gateway] [freshExecutor-0] o.s.c.g.r.RouteDefinitionRouteLocator    : RouteDefinition order-service applying {_genkey_0=/api/orders/**} to Path
2026-02-11T21:17:21.992+05:30 DEBUG 24151 --- [api-gateway] [freshExecutor-0] o.s.c.g.r.RouteDefinitionRouteLocator    : RouteDefinition order-service applying filter {_genkey_0=/api/orders/(?<segment>.*), _genkey_1=/${segment}} to RewritePath
2026-02-11T21:17:21.992+05:30 DEBUG 24151 --- [api-gateway] [freshExecutor-0] o.s.c.g.r.RouteDefinitionRouteLocator    : RouteDefinition matched: order-service
2026-02-11T21:17:21.992+05:30 DEBUG 24151 --- [api-gateway] [freshExecutor-0] o.s.c.g.r.RouteDefinitionRouteLocator    : RouteDefinition billing-service applying {_genkey_0=/api/billing/**} to Path
2026-02-11T21:17:21.992+05:30 DEBUG 24151 --- [api-gateway] [freshExecutor-0] o.s.c.g.r.RouteDefinitionRouteLocator    : RouteDefinition billing-service applying filter {_genkey_0=/api/billing/(?<segment>.*), _genkey_1=/${segment}} to RewritePath
2026-02-11T21:17:21.992+05:30 DEBUG 24151 --- [api-gateway] [freshExecutor-0] o.s.c.g.r.RouteDefinitionRouteLocator    : RouteDefinition matched: billing-service
2026-02-11T21:17:21.992+05:30 DEBUG 24151 --- [api-gateway] [freshExecutor-0] o.s.c.g.r.RouteDefinitionRouteLocator    : RouteDefinition iam-service applying {_genkey_0=/api/auth/**} to Path
2026-02-11T21:17:21.992+05:30 DEBUG 24151 --- [api-gateway] [freshExecutor-0] o.s.c.g.r.RouteDefinitionRouteLocator    : RouteDefinition iam-service applying filter {_genkey_0=/api/auth/(?<segment>.*), _genkey_1=/${segment}} to RewritePath
2026-02-11T21:17:21.992+05:30 DEBUG 24151 --- [api-gateway] [freshExecutor-0] o.s.c.g.r.RouteDefinitionRouteLocator    : RouteDefinition matched: iam-service
2026-02-11T21:17:21.993+05:30 DEBUG 24151 --- [api-gateway] [freshExecutor-0] o.s.c.g.filter.GatewayMetricsFilter      : New routes count: 5
2026-02-11T21:17:52.008+05:30 DEBUG 24151 --- [api-gateway] [freshExecutor-0] o.s.c.g.r.RouteDefinitionRouteLocator    : RouteDefinition ReactiveCompositeDiscoveryClient_API-GATEWAY applying {pattern=/api-gateway/**} to Path
2026-02-11T21:17:52.009+05:30 DEBUG 24151 --- [api-gateway] [freshExecutor-0] o.s.c.g.r.RouteDefinitionRouteLocator    : RouteDefinition ReactiveCompositeDiscoveryClient_API-GATEWAY applying filter {regexp=/api-gateway/?(?<remaining>.*), replacement=/${remaining}} to RewritePath
2026-02-11T21:17:52.010+05:30 DEBUG 24151 --- [api-gateway] [freshExecutor-0] o.s.c.g.r.RouteDefinitionRouteLocator    : RouteDefinition matched: ReactiveCompositeDiscoveryClient_API-GATEWAY
2026-02-11T21:17:52.010+05:30 DEBUG 24151 --- [api-gateway] [freshExecutor-0] o.s.c.g.r.RouteDefinitionRouteLocator    : RouteDefinition user-service applying {_genkey_0=/api/users/**} to Path
2026-02-11T21:17:52.010+05:30 DEBUG 24151 --- [api-gateway] [freshExecutor-0] o.s.c.g.r.RouteDefinitionRouteLocator    : RouteDefinition user-service applying filter {_genkey_0=/api/users/(?<segment>.*), _genkey_1=/${segment}} to RewritePath
2026-02-11T21:17:52.011+05:30 DEBUG 24151 --- [api-gateway] [freshExecutor-0] o.s.c.g.r.RouteDefinitionRouteLocator    : RouteDefinition matched: user-service
2026-02-11T21:17:52.011+05:30 DEBUG 24151 --- [api-gateway] [freshExecutor-0] o.s.c.g.r.RouteDefinitionRouteLocator    : RouteDefinition order-service applying {_genkey_0=/api/orders/**} to Path
2026-02-11T21:17:52.011+05:30 DEBUG 24151 --- [api-gateway] [freshExecutor-0] o.s.c.g.r.RouteDefinitionRouteLocator    : RouteDefinition order-service applying filter {_genkey_0=/api/orders/(?<segment>.*), _genkey_1=/${segment}} to RewritePath
2026-02-11T21:17:52.011+05:30 DEBUG 24151 --- [api-gateway] [freshExecutor-0] o.s.c.g.r.RouteDefinitionRouteLocator    : RouteDefinition matched: order-service
2026-02-11T21:17:52.011+05:30 DEBUG 24151 --- [api-gateway] [freshExecutor-0] o.s.c.g.r.RouteDefinitionRouteLocator    : RouteDefinition billing-service applying {_genkey_0=/api/billing/**} to Path
2026-02-11T21:17:52.012+05:30 DEBUG 24151 --- [api-gateway] [freshExecutor-0] o.s.c.g.r.RouteDefinitionRouteLocator    : RouteDefinition billing-service applying filter {_genkey_0=/api/billing/(?<segment>.*), _genkey_1=/${segment}} to RewritePath
2026-02-11T21:17:52.012+05:30 DEBUG 24151 --- [api-gateway] [freshExecutor-0] o.s.c.g.r.RouteDefinitionRouteLocator    : RouteDefinition matched: billing-service
2026-02-11T21:17:52.012+05:30 DEBUG 24151 --- [api-gateway] [freshExecutor-0] o.s.c.g.r.RouteDefinitionRouteLocator    : RouteDefinition iam-service applying {_genkey_0=/api/auth/**} to Path
2026-02-11T21:17:52.012+05:30 DEBUG 24151 --- [api-gateway] [freshExecutor-0] o.s.c.g.r.RouteDefinitionRouteLocator    : RouteDefinition iam-service applying filter {_genkey_0=/api/auth/(?<segment>.*), _genkey_1=/${segment}} to RewritePath
2026-02-11T21:17:52.012+05:30 DEBUG 24151 --- [api-gateway] [freshExecutor-0] o.s.c.g.r.RouteDefinitionRouteLocator    : RouteDefinition matched: iam-service
2026-02-11T21:17:52.013+05:30 DEBUG 24151 --- [api-gateway] [freshExecutor-0] o.s.c.g.filter.GatewayMetricsFilter      : New routes count: 5
2026-02-11T21:18:22.026+05:30 DEBUG 24151 --- [api-gateway] [freshExecutor-0] o.s.c.g.r.RouteDefinitionRouteLocator    : RouteDefinition ReactiveCompositeDiscoveryClient_API-GATEWAY applying {pattern=/api-gateway/**} to Path
2026-02-11T21:18:22.028+05:30 DEBUG 24151 --- [api-gateway] [freshExecutor-0] o.s.c.g.r.RouteDefinitionRouteLocator    : RouteDefinition ReactiveCompositeDiscoveryClient_API-GATEWAY applying filter {regexp=/api-gateway/?(?<remaining>.*), replacement=/${remaining}} to RewritePath
2026-02-11T21:18:22.028+05:30 DEBUG 24151 --- [api-gateway] [freshExecutor-0] o.s.c.g.r.RouteDefinitionRouteLocator    : RouteDefinition matched: ReactiveCompositeDiscoveryClient_API-GATEWAY
2026-02-11T21:18:22.028+05:30 DEBUG 24151 --- [api-gateway] [freshExecutor-0] o.s.c.g.r.RouteDefinitionRouteLocator    : RouteDefinition user-service applying {_genkey_0=/api/users/**} to Path
2026-02-11T21:18:22.029+05:30 DEBUG 24151 --- [api-gateway] [freshExecutor-0] o.s.c.g.r.RouteDefinitionRouteLocator    : RouteDefinition user-service applying filter {_genkey_0=/api/users/(?<segment>.*), _genkey_1=/${segment}} to RewritePath
2026-02-11T21:18:22.029+05:30 DEBUG 24151 --- [api-gateway] [freshExecutor-0] o.s.c.g.r.RouteDefinitionRouteLocator    : RouteDefinition matched: user-service
2026-02-11T21:18:22.029+05:30 DEBUG 24151 --- [api-gateway] [freshExecutor-0] o.s.c.g.r.RouteDefinitionRouteLocator    : RouteDefinition order-service applying {_genkey_0=/api/orders/**} to Path
2026-02-11T21:18:22.029+05:30 DEBUG 24151 --- [api-gateway] [freshExecutor-0] o.s.c.g.r.RouteDefinitionRouteLocator    : RouteDefinition order-service applying filter {_genkey_0=/api/orders/(?<segment>.*), _genkey_1=/${segment}} to RewritePath
2026-02-11T21:18:22.029+05:30 DEBUG 24151 --- [api-gateway] [freshExecutor-0] o.s.c.g.r.RouteDefinitionRouteLocator    : RouteDefinition matched: order-service
2026-02-11T21:18:22.029+05:30 DEBUG 24151 --- [api-gateway] [freshExecutor-0] o.s.c.g.r.RouteDefinitionRouteLocator    : RouteDefinition billing-service applying {_genkey_0=/api/billing/**} to Path
2026-02-11T21:18:22.030+05:30 DEBUG 24151 --- [api-gateway] [freshExecutor-0] o.s.c.g.r.RouteDefinitionRouteLocator    : RouteDefinition billing-service applying filter {_genkey_0=/api/billing/(?<segment>.*), _genkey_1=/${segment}} to RewritePath
2026-02-11T21:18:22.030+05:30 DEBUG 24151 --- [api-gateway] [freshExecutor-0] o.s.c.g.r.RouteDefinitionRouteLocator    : RouteDefinition matched: billing-service
2026-02-11T21:18:22.030+05:30 DEBUG 24151 --- [api-gateway] [freshExecutor-0] o.s.c.g.r.RouteDefinitionRouteLocator    : RouteDefinition iam-service applying {_genkey_0=/api/auth/**} to Path
2026-02-11T21:18:22.030+05:30 DEBUG 24151 --- [api-gateway] [freshExecutor-0] o.s.c.g.r.RouteDefinitionRouteLocator    : RouteDefinition iam-service applying filter {_genkey_0=/api/auth/(?<segment>.*), _genkey_1=/${segment}} to RewritePath
2026-02-11T21:18:22.030+05:30 DEBUG 24151 --- [api-gateway] [freshExecutor-0] o.s.c.g.r.RouteDefinitionRouteLocator    : RouteDefinition matched: iam-service
2026-02-11T21:18:22.031+05:30 DEBUG 24151 --- [api-gateway] [freshExecutor-0] o.s.c.g.filter.GatewayMetricsFilter      : New routes count: 5
2026-02-11T21:18:52.043+05:30 DEBUG 24151 --- [api-gateway] [freshExecutor-0] o.s.c.g.r.RouteDefinitionRouteLocator    : RouteDefinition ReactiveCompositeDiscoveryClient_API-GATEWAY applying {pattern=/api-gateway/**} to Path
2026-02-11T21:18:52.044+05:30 DEBUG 24151 --- [api-gateway] [freshExecutor-0] o.s.c.g.r.RouteDefinitionRouteLocator    : RouteDefinition ReactiveCompositeDiscoveryClient_API-GATEWAY applying filter {regexp=/api-gateway/?(?<remaining>.*), replacement=/${remaining}} to RewritePath
2026-02-11T21:18:52.045+05:30 DEBUG 24151 --- [api-gateway] [freshExecutor-0] o.s.c.g.r.RouteDefinitionRouteLocator    : RouteDefinition matched: ReactiveCompositeDiscoveryClient_API-GATEWAY
2026-02-11T21:18:52.045+05:30 DEBUG 24151 --- [api-gateway] [freshExecutor-0] o.s.c.g.r.RouteDefinitionRouteLocator    : RouteDefinition user-service applying {_genkey_0=/api/users/**} to Path
2026-02-11T21:18:52.046+05:30 DEBUG 24151 --- [api-gateway] [freshExecutor-0] o.s.c.g.r.RouteDefinitionRouteLocator    : RouteDefinition user-service applying filter {_genkey_0=/api/users/(?<segment>.*), _genkey_1=/${segment}} to RewritePath
2026-02-11T21:18:52.046+05:30 DEBUG 24151 --- [api-gateway] [freshExecutor-0] o.s.c.g.r.RouteDefinitionRouteLocator    : RouteDefinition matched: user-service
2026-02-11T21:18:52.046+05:30 DEBUG 24151 --- [api-gateway] [freshExecutor-0] o.s.c.g.r.RouteDefinitionRouteLocator    : RouteDefinition order-service applying {_genkey_0=/api/orders/**} to Path
2026-02-11T21:18:52.046+05:30 DEBUG 24151 --- [api-gateway] [freshExecutor-0] o.s.c.g.r.RouteDefinitionRouteLocator    : RouteDefinition order-service applying filter {_genkey_0=/api/orders/(?<segment>.*), _genkey_1=/${segment}} to RewritePath
2026-02-11T21:18:52.047+05:30 DEBUG 24151 --- [api-gateway] [freshExecutor-0] o.s.c.g.r.RouteDefinitionRouteLocator    : RouteDefinition matched: order-service
2026-02-11T21:18:52.047+05:30 DEBUG 24151 --- [api-gateway] [freshExecutor-0] o.s.c.g.r.RouteDefinitionRouteLocator    : RouteDefinition billing-service applying {_genkey_0=/api/billing/**} to Path
2026-02-11T21:18:52.047+05:30 DEBUG 24151 --- [api-gateway] [freshExecutor-0] o.s.c.g.r.RouteDefinitionRouteLocator    : RouteDefinition billing-service applying filter {_genkey_0=/api/billing/(?<segment>.*), _genkey_1=/${segment}} to RewritePath
2026-02-11T21:18:52.047+05:30 DEBUG 24151 --- [api-gateway] [freshExecutor-0] o.s.c.g.r.RouteDefinitionRouteLocator    : RouteDefinition matched: billing-service
2026-02-11T21:18:52.047+05:30 DEBUG 24151 --- [api-gateway] [freshExecutor-0] o.s.c.g.r.RouteDefinitionRouteLocator    : RouteDefinition iam-service applying {_genkey_0=/api/auth/**} to Path
2026-02-11T21:18:52.047+05:30 DEBUG 24151 --- [api-gateway] [freshExecutor-0] o.s.c.g.r.RouteDefinitionRouteLocator    : RouteDefinition iam-service applying filter {_genkey_0=/api/auth/(?<segment>.*), _genkey_1=/${segment}} to RewritePath
2026-02-11T21:18:52.048+05:30 DEBUG 24151 --- [api-gateway] [freshExecutor-0] o.s.c.g.r.RouteDefinitionRouteLocator    : RouteDefinition matched: iam-service
2026-02-11T21:18:52.048+05:30 DEBUG 24151 --- [api-gateway] [freshExecutor-0] o.s.c.g.filter.GatewayMetricsFilter      : New routes count: 5
2026-02-11T21:19:22.060+05:30 DEBUG 24151 --- [api-gateway] [freshExecutor-0] o.s.c.g.r.RouteDefinitionRouteLocator    : RouteDefinition ReactiveCompositeDiscoveryClient_API-GATEWAY applying {pattern=/api-gateway/**} to Path
2026-02-11T21:19:22.061+05:30 DEBUG 24151 --- [api-gateway] [freshExecutor-0] o.s.c.g.r.RouteDefinitionRouteLocator    : RouteDefinition ReactiveCompositeDiscoveryClient_API-GATEWAY applying filter {regexp=/api-gateway/?(?<remaining>.*), replacement=/${remaining}} to RewritePath
2026-02-11T21:19:22.062+05:30 DEBUG 24151 --- [api-gateway] [freshExecutor-0] o.s.c.g.r.RouteDefinitionRouteLocator    : RouteDefinition matched: ReactiveCompositeDiscoveryClient_API-GATEWAY
2026-02-11T21:19:22.062+05:30 DEBUG 24151 --- [api-gateway] [freshExecutor-0] o.s.c.g.r.RouteDefinitionRouteLocator    : RouteDefinition user-service applying {_genkey_0=/api/users/**} to Path
2026-02-11T21:19:22.062+05:30 DEBUG 24151 --- [api-gateway] [freshExecutor-0] o.s.c.g.r.RouteDefinitionRouteLocator    : RouteDefinition user-service applying filter {_genkey_0=/api/users/(?<segment>.*), _genkey_1=/${segment}} to RewritePath
2026-02-11T21:19:22.062+05:30 DEBUG 24151 --- [api-gateway] [freshExecutor-0] o.s.c.g.r.RouteDefinitionRouteLocator    : RouteDefinition matched: user-service
2026-02-11T21:19:22.062+05:30 DEBUG 24151 --- [api-gateway] [freshExecutor-0] o.s.c.g.r.RouteDefinitionRouteLocator    : RouteDefinition order-service applying {_genkey_0=/api/orders/**} to Path
2026-02-11T21:19:22.063+05:30 DEBUG 24151 --- [api-gateway] [freshExecutor-0] o.s.c.g.r.RouteDefinitionRouteLocator    : RouteDefinition order-service applying filter {_genkey_0=/api/orders/(?<segment>.*), _genkey_1=/${segment}} to RewritePath
2026-02-11T21:19:22.063+05:30 DEBUG 24151 --- [api-gateway] [freshExecutor-0] o.s.c.g.r.RouteDefinitionRouteLocator    : RouteDefinition matched: order-service
2026-02-11T21:19:22.063+05:30 DEBUG 24151 --- [api-gateway] [freshExecutor-0] o.s.c.g.r.RouteDefinitionRouteLocator    : RouteDefinition billing-service applying {_genkey_0=/api/billing/**} to Path
2026-02-11T21:19:22.063+05:30 DEBUG 24151 --- [api-gateway] [freshExecutor-0] o.s.c.g.r.RouteDefinitionRouteLocator    : RouteDefinition billing-service applying filter {_genkey_0=/api/billing/(?<segment>.*), _genkey_1=/${segment}} to RewritePath
2026-02-11T21:19:22.063+05:30 DEBUG 24151 --- [api-gateway] [freshExecutor-0] o.s.c.g.r.RouteDefinitionRouteLocator    : RouteDefinition matched: billing-service
2026-02-11T21:19:22.063+05:30 DEBUG 24151 --- [api-gateway] [freshExecutor-0] o.s.c.g.r.RouteDefinitionRouteLocator    : RouteDefinition iam-service applying {_genkey_0=/api/auth/**} to Path
2026-02-11T21:19:22.063+05:30 DEBUG 24151 --- [api-gateway] [freshExecutor-0] o.s.c.g.r.RouteDefinitionRouteLocator    : RouteDefinition iam-service applying filter {_genkey_0=/api/auth/(?<segment>.*), _genkey_1=/${segment}} to RewritePath
2026-02-11T21:19:22.064+05:30 DEBUG 24151 --- [api-gateway] [freshExecutor-0] o.s.c.g.r.RouteDefinitionRouteLocator    : RouteDefinition matched: iam-service
2026-02-11T21:19:22.064+05:30 DEBUG 24151 --- [api-gateway] [freshExecutor-0] o.s.c.g.filter.GatewayMetricsFilter      : New routes count: 5
2026-02-11T21:19:52.075+05:30 DEBUG 24151 --- [api-gateway] [freshExecutor-0] o.s.c.g.r.RouteDefinitionRouteLocator    : RouteDefinition ReactiveCompositeDiscoveryClient_API-GATEWAY applying {pattern=/api-gateway/**} to Path
2026-02-11T21:19:52.077+05:30 DEBUG 24151 --- [api-gateway] [freshExecutor-0] o.s.c.g.r.RouteDefinitionRouteLocator    : RouteDefinition ReactiveCompositeDiscoveryClient_API-GATEWAY applying filter {regexp=/api-gateway/?(?<remaining>.*), replacement=/${remaining}} to RewritePath
2026-02-11T21:19:52.078+05:30 DEBUG 24151 --- [api-gateway] [freshExecutor-0] o.s.c.g.r.RouteDefinitionRouteLocator    : RouteDefinition matched: ReactiveCompositeDiscoveryClient_API-GATEWAY
2026-02-11T21:19:52.078+05:30 DEBUG 24151 --- [api-gateway] [freshExecutor-0] o.s.c.g.r.RouteDefinitionRouteLocator    : RouteDefinition user-service applying {_genkey_0=/api/users/**} to Path
2026-02-11T21:19:52.078+05:30 DEBUG 24151 --- [api-gateway] [freshExecutor-0] o.s.c.g.r.RouteDefinitionRouteLocator    : RouteDefinition user-service applying filter {_genkey_0=/api/users/(?<segment>.*), _genkey_1=/${segment}} to RewritePath
2026-02-11T21:19:52.079+05:30 DEBUG 24151 --- [api-gateway] [freshExecutor-0] o.s.c.g.r.RouteDefinitionRouteLocator    : RouteDefinition matched: user-service
2026-02-11T21:19:52.079+05:30 DEBUG 24151 --- [api-gateway] [freshExecutor-0] o.s.c.g.r.RouteDefinitionRouteLocator    : RouteDefinition order-service applying {_genkey_0=/api/orders/**} to Path
2026-02-11T21:19:52.079+05:30 DEBUG 24151 --- [api-gateway] [freshExecutor-0] o.s.c.g.r.RouteDefinitionRouteLocator    : RouteDefinition order-service applying filter {_genkey_0=/api/orders/(?<segment>.*), _genkey_1=/${segment}} to RewritePath
2026-02-11T21:19:52.079+05:30 DEBUG 24151 --- [api-gateway] [freshExecutor-0] o.s.c.g.r.RouteDefinitionRouteLocator    : RouteDefinition matched: order-service
2026-02-11T21:19:52.079+05:30 DEBUG 24151 --- [api-gateway] [freshExecutor-0] o.s.c.g.r.RouteDefinitionRouteLocator    : RouteDefinition billing-service applying {_genkey_0=/api/billing/**} to Path
2026-02-11T21:19:52.080+05:30 DEBUG 24151 --- [api-gateway] [freshExecutor-0] o.s.c.g.r.RouteDefinitionRouteLocator    : RouteDefinition billing-service applying filter {_genkey_0=/api/billing/(?<segment>.*), _genkey_1=/${segment}} to RewritePath
2026-02-11T21:19:52.080+05:30 DEBUG 24151 --- [api-gateway] [freshExecutor-0] o.s.c.g.r.RouteDefinitionRouteLocator    : RouteDefinition matched: billing-service
2026-02-11T21:19:52.080+05:30 DEBUG 24151 --- [api-gateway] [freshExecutor-0] o.s.c.g.r.RouteDefinitionRouteLocator    : RouteDefinition iam-service applying {_genkey_0=/api/auth/**} to Path
2026-02-11T21:19:52.080+05:30 DEBUG 24151 --- [api-gateway] [freshExecutor-0] o.s.c.g.r.RouteDefinitionRouteLocator    : RouteDefinition iam-service applying filter {_genkey_0=/api/auth/(?<segment>.*), _genkey_1=/${segment}} to RewritePath
2026-02-11T21:19:52.080+05:30 DEBUG 24151 --- [api-gateway] [freshExecutor-0] o.s.c.g.r.RouteDefinitionRouteLocator    : RouteDefinition matched: iam-service
2026-02-11T21:19:52.081+05:30 DEBUG 24151 --- [api-gateway] [freshExecutor-0] o.s.c.g.filter.GatewayMetricsFilter      : New routes count: 5
2026-02-11T21:20:22.092+05:30 DEBUG 24151 --- [api-gateway] [freshExecutor-0] o.s.c.g.r.RouteDefinitionRouteLocator    : RouteDefinition ReactiveCompositeDiscoveryClient_API-GATEWAY applying {pattern=/api-gateway/**} to Path
2026-02-11T21:20:22.093+05:30 DEBUG 24151 --- [api-gateway] [freshExecutor-0] o.s.c.g.r.RouteDefinitionRouteLocator    : RouteDefinition ReactiveCompositeDiscoveryClient_API-GATEWAY applying filter {regexp=/api-gateway/?(?<remaining>.*), replacement=/${remaining}} to RewritePath
2026-02-11T21:20:22.094+05:30 DEBUG 24151 --- [api-gateway] [freshExecutor-0] o.s.c.g.r.RouteDefinitionRouteLocator    : RouteDefinition matched: ReactiveCompositeDiscoveryClient_API-GATEWAY
2026-02-11T21:20:22.094+05:30 DEBUG 24151 --- [api-gateway] [freshExecutor-0] o.s.c.g.r.RouteDefinitionRouteLocator    : RouteDefinition user-service applying {_genkey_0=/api/users/**} to Path
2026-02-11T21:20:22.094+05:30 DEBUG 24151 --- [api-gateway] [freshExecutor-0] o.s.c.g.r.RouteDefinitionRouteLocator    : RouteDefinition user-service applying filter {_genkey_0=/api/users/(?<segment>.*), _genkey_1=/${segment}} to RewritePath
2026-02-11T21:20:22.094+05:30 DEBUG 24151 --- [api-gateway] [freshExecutor-0] o.s.c.g.r.RouteDefinitionRouteLocator    : RouteDefinition matched: user-service
2026-02-11T21:20:22.094+05:30 DEBUG 24151 --- [api-gateway] [freshExecutor-0] o.s.c.g.r.RouteDefinitionRouteLocator    : RouteDefinition order-service applying {_genkey_0=/api/orders/**} to Path
2026-02-11T21:20:22.095+05:30 DEBUG 24151 --- [api-gateway] [freshExecutor-0] o.s.c.g.r.RouteDefinitionRouteLocator    : RouteDefinition order-service applying filter {_genkey_0=/api/orders/(?<segment>.*), _genkey_1=/${segment}} to RewritePath
2026-02-11T21:20:22.095+05:30 DEBUG 24151 --- [api-gateway] [freshExecutor-0] o.s.c.g.r.RouteDefinitionRouteLocator    : RouteDefinition matched: order-service
2026-02-11T21:20:22.095+05:30 DEBUG 24151 --- [api-gateway] [freshExecutor-0] o.s.c.g.r.RouteDefinitionRouteLocator    : RouteDefinition billing-service applying {_genkey_0=/api/billing/**} to Path
2026-02-11T21:20:22.095+05:30 DEBUG 24151 --- [api-gateway] [freshExecutor-0] o.s.c.g.r.RouteDefinitionRouteLocator    : RouteDefinition billing-service applying filter {_genkey_0=/api/billing/(?<segment>.*), _genkey_1=/${segment}} to RewritePath
2026-02-11T21:20:22.095+05:30 DEBUG 24151 --- [api-gateway] [freshExecutor-0] o.s.c.g.r.RouteDefinitionRouteLocator    : RouteDefinition matched: billing-service
2026-02-11T21:20:22.095+05:30 DEBUG 24151 --- [api-gateway] [freshExecutor-0] o.s.c.g.r.RouteDefinitionRouteLocator    : RouteDefinition iam-service applying {_genkey_0=/api/auth/**} to Path
2026-02-11T21:20:22.095+05:30 DEBUG 24151 --- [api-gateway] [freshExecutor-0] o.s.c.g.r.RouteDefinitionRouteLocator    : RouteDefinition iam-service applying filter {_genkey_0=/api/auth/(?<segment>.*), _genkey_1=/${segment}} to RewritePath
2026-02-11T21:20:22.096+05:30 DEBUG 24151 --- [api-gateway] [freshExecutor-0] o.s.c.g.r.RouteDefinitionRouteLocator    : RouteDefinition matched: iam-service
2026-02-11T21:20:22.096+05:30 DEBUG 24151 --- [api-gateway] [freshExecutor-0] o.s.c.g.filter.GatewayMetricsFilter      : New routes count: 5
2026-02-11T21:20:52.106+05:30 DEBUG 24151 --- [api-gateway] [freshExecutor-0] o.s.c.g.r.RouteDefinitionRouteLocator    : RouteDefinition ReactiveCompositeDiscoveryClient_API-GATEWAY applying {pattern=/api-gateway/**} to Path
2026-02-11T21:20:52.107+05:30 DEBUG 24151 --- [api-gateway] [freshExecutor-0] o.s.c.g.r.RouteDefinitionRouteLocator    : RouteDefinition ReactiveCompositeDiscoveryClient_API-GATEWAY applying filter {regexp=/api-gateway/?(?<remaining>.*), replacement=/${remaining}} to RewritePath
2026-02-11T21:20:52.108+05:30 DEBUG 24151 --- [api-gateway] [freshExecutor-0] o.s.c.g.r.RouteDefinitionRouteLocator    : RouteDefinition matched: ReactiveCompositeDiscoveryClient_API-GATEWAY
2026-02-11T21:20:52.108+05:30 DEBUG 24151 --- [api-gateway] [freshExecutor-0] o.s.c.g.r.RouteDefinitionRouteLocator    : RouteDefinition user-service applying {_genkey_0=/api/users/**} to Path
2026-02-11T21:20:52.108+05:30 DEBUG 24151 --- [api-gateway] [freshExecutor-0] o.s.c.g.r.RouteDefinitionRouteLocator    : RouteDefinition user-service applying filter {_genkey_0=/api/users/(?<segment>.*), _genkey_1=/${segment}} to RewritePath
2026-02-11T21:20:52.109+05:30 DEBUG 24151 --- [api-gateway] [freshExecutor-0] o.s.c.g.r.RouteDefinitionRouteLocator    : RouteDefinition matched: user-service
2026-02-11T21:20:52.109+05:30 DEBUG 24151 --- [api-gateway] [freshExecutor-0] o.s.c.g.r.RouteDefinitionRouteLocator    : RouteDefinition order-service applying {_genkey_0=/api/orders/**} to Path
2026-02-11T21:20:52.109+05:30 DEBUG 24151 --- [api-gateway] [freshExecutor-0] o.s.c.g.r.RouteDefinitionRouteLocator    : RouteDefinition order-service applying filter {_genkey_0=/api/orders/(?<segment>.*), _genkey_1=/${segment}} to RewritePath
2026-02-11T21:20:52.109+05:30 DEBUG 24151 --- [api-gateway] [freshExecutor-0] o.s.c.g.r.RouteDefinitionRouteLocator    : RouteDefinition matched: order-service
2026-02-11T21:20:52.109+05:30 DEBUG 24151 --- [api-gateway] [freshExecutor-0] o.s.c.g.r.RouteDefinitionRouteLocator    : RouteDefinition billing-service applying {_genkey_0=/api/billing/**} to Path
2026-02-11T21:20:52.109+05:30 DEBUG 24151 --- [api-gateway] [freshExecutor-0] o.s.c.g.r.RouteDefinitionRouteLocator    : RouteDefinition billing-service applying filter {_genkey_0=/api/billing/(?<segment>.*), _genkey_1=/${segment}} to RewritePath
2026-02-11T21:20:52.110+05:30 DEBUG 24151 --- [api-gateway] [freshExecutor-0] o.s.c.g.r.RouteDefinitionRouteLocator    : RouteDefinition matched: billing-service
2026-02-11T21:20:52.110+05:30 DEBUG 24151 --- [api-gateway] [freshExecutor-0] o.s.c.g.r.RouteDefinitionRouteLocator    : RouteDefinition iam-service applying {_genkey_0=/api/auth/**} to Path
2026-02-11T21:20:52.110+05:30 DEBUG 24151 --- [api-gateway] [freshExecutor-0] o.s.c.g.r.RouteDefinitionRouteLocator    : RouteDefinition iam-service applying filter {_genkey_0=/api/auth/(?<segment>.*), _genkey_1=/${segment}} to RewritePath
2026-02-11T21:20:52.110+05:30 DEBUG 24151 --- [api-gateway] [freshExecutor-0] o.s.c.g.r.RouteDefinitionRouteLocator    : RouteDefinition matched: iam-service
2026-02-11T21:20:52.111+05:30 DEBUG 24151 --- [api-gateway] [freshExecutor-0] o.s.c.g.filter.GatewayMetricsFilter      : New routes count: 5
2026-02-11T21:21:22.124+05:30 DEBUG 24151 --- [api-gateway] [freshExecutor-0] o.s.c.g.r.RouteDefinitionRouteLocator    : RouteDefinition ReactiveCompositeDiscoveryClient_API-GATEWAY applying {pattern=/api-gateway/**} to Path
2026-02-11T21:21:22.126+05:30 DEBUG 24151 --- [api-gateway] [freshExecutor-0] o.s.c.g.r.RouteDefinitionRouteLocator    : RouteDefinition ReactiveCompositeDiscoveryClient_API-GATEWAY applying filter {regexp=/api-gateway/?(?<remaining>.*), replacement=/${remaining}} to RewritePath
2026-02-11T21:21:22.126+05:30 DEBUG 24151 --- [api-gateway] [freshExecutor-0] o.s.c.g.r.RouteDefinitionRouteLocator    : RouteDefinition matched: ReactiveCompositeDiscoveryClient_API-GATEWAY
2026-02-11T21:21:22.126+05:30 DEBUG 24151 --- [api-gateway] [freshExecutor-0] o.s.c.g.r.RouteDefinitionRouteLocator    : RouteDefinition user-service applying {_genkey_0=/api/users/**} to Path
2026-02-11T21:21:22.127+05:30 DEBUG 24151 --- [api-gateway] [freshExecutor-0] o.s.c.g.r.RouteDefinitionRouteLocator    : RouteDefinition user-service applying filter {_genkey_0=/api/users/(?<segment>.*), _genkey_1=/${segment}} to RewritePath
2026-02-11T21:21:22.127+05:30 DEBUG 24151 --- [api-gateway] [freshExecutor-0] o.s.c.g.r.RouteDefinitionRouteLocator    : RouteDefinition matched: user-service
2026-02-11T21:21:22.127+05:30 DEBUG 24151 --- [api-gateway] [freshExecutor-0] o.s.c.g.r.RouteDefinitionRouteLocator    : RouteDefinition order-service applying {_genkey_0=/api/orders/**} to Path
2026-02-11T21:21:22.127+05:30 DEBUG 24151 --- [api-gateway] [freshExecutor-0] o.s.c.g.r.RouteDefinitionRouteLocator    : RouteDefinition order-service applying filter {_genkey_0=/api/orders/(?<segment>.*), _genkey_1=/${segment}} to RewritePath
2026-02-11T21:21:22.127+05:30 DEBUG 24151 --- [api-gateway] [freshExecutor-0] o.s.c.g.r.RouteDefinitionRouteLocator    : RouteDefinition matched: order-service
2026-02-11T21:21:22.127+05:30 DEBUG 24151 --- [api-gateway] [freshExecutor-0] o.s.c.g.r.RouteDefinitionRouteLocator    : RouteDefinition billing-service applying {_genkey_0=/api/billing/**} to Path
2026-02-11T21:21:22.128+05:30 DEBUG 24151 --- [api-gateway] [freshExecutor-0] o.s.c.g.r.RouteDefinitionRouteLocator    : RouteDefinition billing-service applying filter {_genkey_0=/api/billing/(?<segment>.*), _genkey_1=/${segment}} to RewritePath
2026-02-11T21:21:22.128+05:30 DEBUG 24151 --- [api-gateway] [freshExecutor-0] o.s.c.g.r.RouteDefinitionRouteLocator    : RouteDefinition matched: billing-service
2026-02-11T21:21:22.128+05:30 DEBUG 24151 --- [api-gateway] [freshExecutor-0] o.s.c.g.r.RouteDefinitionRouteLocator    : RouteDefinition iam-service applying {_genkey_0=/api/auth/**} to Path
2026-02-11T21:21:22.128+05:30 DEBUG 24151 --- [api-gateway] [freshExecutor-0] o.s.c.g.r.RouteDefinitionRouteLocator    : RouteDefinition iam-service applying filter {_genkey_0=/api/auth/(?<segment>.*), _genkey_1=/${segment}} to RewritePath
2026-02-11T21:21:22.128+05:30 DEBUG 24151 --- [api-gateway] [freshExecutor-0] o.s.c.g.r.RouteDefinitionRouteLocator    : RouteDefinition matched: iam-service
2026-02-11T21:21:22.129+05:30 DEBUG 24151 --- [api-gateway] [freshExecutor-0] o.s.c.g.filter.GatewayMetricsFilter      : New routes count: 5
2026-02-11T21:21:51.308+05:30  INFO 24151 --- [api-gateway] [trap-executor-0] c.n.d.s.r.aws.ConfigClusterResolver      : Resolving eureka endpoints via configuration
2026-02-11T21:21:52.143+05:30 DEBUG 24151 --- [api-gateway] [freshExecutor-0] o.s.c.g.r.RouteDefinitionRouteLocator    : RouteDefinition ReactiveCompositeDiscoveryClient_API-GATEWAY applying {pattern=/api-gateway/**} to Path
2026-02-11T21:21:52.144+05:30 DEBUG 24151 --- [api-gateway] [freshExecutor-0] o.s.c.g.r.RouteDefinitionRouteLocator    : RouteDefinition ReactiveCompositeDiscoveryClient_API-GATEWAY applying filter {regexp=/api-gateway/?(?<remaining>.*), replacement=/${remaining}} to RewritePath
2026-02-11T21:21:52.145+05:30 DEBUG 24151 --- [api-gateway] [freshExecutor-0] o.s.c.g.r.RouteDefinitionRouteLocator    : RouteDefinition matched: ReactiveCompositeDiscoveryClient_API-GATEWAY
2026-02-11T21:21:52.145+05:30 DEBUG 24151 --- [api-gateway] [freshExecutor-0] o.s.c.g.r.RouteDefinitionRouteLocator    : RouteDefinition user-service applying {_genkey_0=/api/users/**} to Path
2026-02-11T21:21:52.145+05:30 DEBUG 24151 --- [api-gateway] [freshExecutor-0] o.s.c.g.r.RouteDefinitionRouteLocator    : RouteDefinition user-service applying filter {_genkey_0=/api/users/(?<segment>.*), _genkey_1=/${segment}} to RewritePath
2026-02-11T21:21:52.145+05:30 DEBUG 24151 --- [api-gateway] [freshExecutor-0] o.s.c.g.r.RouteDefinitionRouteLocator    : RouteDefinition matched: user-service
2026-02-11T21:21:52.146+05:30 DEBUG 24151 --- [api-gateway] [freshExecutor-0] o.s.c.g.r.RouteDefinitionRouteLocator    : RouteDefinition order-service applying {_genkey_0=/api/orders/**} to Path
2026-02-11T21:21:52.146+05:30 DEBUG 24151 --- [api-gateway] [freshExecutor-0] o.s.c.g.r.RouteDefinitionRouteLocator    : RouteDefinition order-service applying filter {_genkey_0=/api/orders/(?<segment>.*), _genkey_1=/${segment}} to RewritePath
2026-02-11T21:21:52.146+05:30 DEBUG 24151 --- [api-gateway] [freshExecutor-0] o.s.c.g.r.RouteDefinitionRouteLocator    : RouteDefinition matched: order-service
2026-02-11T21:21:52.146+05:30 DEBUG 24151 --- [api-gateway] [freshExecutor-0] o.s.c.g.r.RouteDefinitionRouteLocator    : RouteDefinition billing-service applying {_genkey_0=/api/billing/**} to Path
2026-02-11T21:21:52.146+05:30 DEBUG 24151 --- [api-gateway] [freshExecutor-0] o.s.c.g.r.RouteDefinitionRouteLocator    : RouteDefinition billing-service applying filter {_genkey_0=/api/billing/(?<segment>.*), _genkey_1=/${segment}} to RewritePath
2026-02-11T21:21:52.147+05:30 DEBUG 24151 --- [api-gateway] [freshExecutor-0] o.s.c.g.r.RouteDefinitionRouteLocator    : RouteDefinition matched: billing-service
2026-02-11T21:21:52.147+05:30 DEBUG 24151 --- [api-gateway] [freshExecutor-0] o.s.c.g.r.RouteDefinitionRouteLocator    : RouteDefinition iam-service applying {_genkey_0=/api/auth/**} to Path
2026-02-11T21:21:52.147+05:30 DEBUG 24151 --- [api-gateway] [freshExecutor-0] o.s.c.g.r.RouteDefinitionRouteLocator    : RouteDefinition iam-service applying filter {_genkey_0=/api/auth/(?<segment>.*), _genkey_1=/${segment}} to RewritePath
2026-02-11T21:21:52.147+05:30 DEBUG 24151 --- [api-gateway] [freshExecutor-0] o.s.c.g.r.RouteDefinitionRouteLocator    : RouteDefinition matched: iam-service
2026-02-11T21:21:52.148+05:30 DEBUG 24151 --- [api-gateway] [freshExecutor-0] o.s.c.g.filter.GatewayMetricsFilter      : New routes count: 5
2026-02-11T21:22:22.158+05:30 DEBUG 24151 --- [api-gateway] [freshExecutor-0] o.s.c.g.r.RouteDefinitionRouteLocator    : RouteDefinition ReactiveCompositeDiscoveryClient_API-GATEWAY applying {pattern=/api-gateway/**} to Path
2026-02-11T21:22:22.159+05:30 DEBUG 24151 --- [api-gateway] [freshExecutor-0] o.s.c.g.r.RouteDefinitionRouteLocator    : RouteDefinition ReactiveCompositeDiscoveryClient_API-GATEWAY applying filter {regexp=/api-gateway/?(?<remaining>.*), replacement=/${remaining}} to RewritePath
2026-02-11T21:22:22.160+05:30 DEBUG 24151 --- [api-gateway] [freshExecutor-0] o.s.c.g.r.RouteDefinitionRouteLocator    : RouteDefinition matched: ReactiveCompositeDiscoveryClient_API-GATEWAY
2026-02-11T21:22:22.160+05:30 DEBUG 24151 --- [api-gateway] [freshExecutor-0] o.s.c.g.r.RouteDefinitionRouteLocator    : RouteDefinition user-service applying {_genkey_0=/api/users/**} to Path
2026-02-11T21:22:22.160+05:30 DEBUG 24151 --- [api-gateway] [freshExecutor-0] o.s.c.g.r.RouteDefinitionRouteLocator    : RouteDefinition user-service applying filter {_genkey_0=/api/users/(?<segment>.*), _genkey_1=/${segment}} to RewritePath
2026-02-11T21:22:22.161+05:30 DEBUG 24151 --- [api-gateway] [freshExecutor-0] o.s.c.g.r.RouteDefinitionRouteLocator    : RouteDefinition matched: user-service
2026-02-11T21:22:22.161+05:30 DEBUG 24151 --- [api-gateway] [freshExecutor-0] o.s.c.g.r.RouteDefinitionRouteLocator    : RouteDefinition order-service applying {_genkey_0=/api/orders/**} to Path
2026-02-11T21:22:22.161+05:30 DEBUG 24151 --- [api-gateway] [freshExecutor-0] o.s.c.g.r.RouteDefinitionRouteLocator    : RouteDefinition order-service applying filter {_genkey_0=/api/orders/(?<segment>.*), _genkey_1=/${segment}} to RewritePath
2026-02-11T21:22:22.161+05:30 DEBUG 24151 --- [api-gateway] [freshExecutor-0] o.s.c.g.r.RouteDefinitionRouteLocator    : RouteDefinition matched: order-service
2026-02-11T21:22:22.161+05:30 DEBUG 24151 --- [api-gateway] [freshExecutor-0] o.s.c.g.r.RouteDefinitionRouteLocator    : RouteDefinition billing-service applying {_genkey_0=/api/billing/**} to Path
2026-02-11T21:22:22.162+05:30 DEBUG 24151 --- [api-gateway] [freshExecutor-0] o.s.c.g.r.RouteDefinitionRouteLocator    : RouteDefinition billing-service applying filter {_genkey_0=/api/billing/(?<segment>.*), _genkey_1=/${segment}} to RewritePath
2026-02-11T21:22:22.162+05:30 DEBUG 24151 --- [api-gateway] [freshExecutor-0] o.s.c.g.r.RouteDefinitionRouteLocator    : RouteDefinition matched: billing-service
2026-02-11T21:22:22.162+05:30 DEBUG 24151 --- [api-gateway] [freshExecutor-0] o.s.c.g.r.RouteDefinitionRouteLocator    : RouteDefinition iam-service applying {_genkey_0=/api/auth/**} to Path
2026-02-11T21:22:22.162+05:30 DEBUG 24151 --- [api-gateway] [freshExecutor-0] o.s.c.g.r.RouteDefinitionRouteLocator    : RouteDefinition iam-service applying filter {_genkey_0=/api/auth/(?<segment>.*), _genkey_1=/${segment}} to RewritePath
2026-02-11T21:22:22.162+05:30 DEBUG 24151 --- [api-gateway] [freshExecutor-0] o.s.c.g.r.RouteDefinitionRouteLocator    : RouteDefinition matched: iam-service
2026-02-11T21:22:22.163+05:30 DEBUG 24151 --- [api-gateway] [freshExecutor-0] o.s.c.g.filter.GatewayMetricsFilter      : New routes count: 5
2026-02-11T21:22:52.176+05:30 DEBUG 24151 --- [api-gateway] [freshExecutor-0] o.s.c.g.r.RouteDefinitionRouteLocator    : RouteDefinition ReactiveCompositeDiscoveryClient_API-GATEWAY applying {pattern=/api-gateway/**} to Path
2026-02-11T21:22:52.178+05:30 DEBUG 24151 --- [api-gateway] [freshExecutor-0] o.s.c.g.r.RouteDefinitionRouteLocator    : RouteDefinition ReactiveCompositeDiscoveryClient_API-GATEWAY applying filter {regexp=/api-gateway/?(?<remaining>.*), replacement=/${remaining}} to RewritePath
2026-02-11T21:22:52.179+05:30 DEBUG 24151 --- [api-gateway] [freshExecutor-0] o.s.c.g.r.RouteDefinitionRouteLocator    : RouteDefinition matched: ReactiveCompositeDiscoveryClient_API-GATEWAY
2026-02-11T21:22:52.179+05:30 DEBUG 24151 --- [api-gateway] [freshExecutor-0] o.s.c.g.r.RouteDefinitionRouteLocator    : RouteDefinition user-service applying {_genkey_0=/api/users/**} to Path
2026-02-11T21:22:52.179+05:30 DEBUG 24151 --- [api-gateway] [freshExecutor-0] o.s.c.g.r.RouteDefinitionRouteLocator    : RouteDefinition user-service applying filter {_genkey_0=/api/users/(?<segment>.*), _genkey_1=/${segment}} to RewritePath
2026-02-11T21:22:52.180+05:30 DEBUG 24151 --- [api-gateway] [freshExecutor-0] o.s.c.g.r.RouteDefinitionRouteLocator    : RouteDefinition matched: user-service
2026-02-11T21:22:52.180+05:30 DEBUG 24151 --- [api-gateway] [freshExecutor-0] o.s.c.g.r.RouteDefinitionRouteLocator    : RouteDefinition order-service applying {_genkey_0=/api/orders/**} to Path
2026-02-11T21:22:52.180+05:30 DEBUG 24151 --- [api-gateway] [freshExecutor-0] o.s.c.g.r.RouteDefinitionRouteLocator    : RouteDefinition order-service applying filter {_genkey_0=/api/orders/(?<segment>.*), _genkey_1=/${segment}} to RewritePath
2026-02-11T21:22:52.180+05:30 DEBUG 24151 --- [api-gateway] [freshExecutor-0] o.s.c.g.r.RouteDefinitionRouteLocator    : RouteDefinition matched: order-service
2026-02-11T21:22:52.180+05:30 DEBUG 24151 --- [api-gateway] [freshExecutor-0] o.s.c.g.r.RouteDefinitionRouteLocator    : RouteDefinition billing-service applying {_genkey_0=/api/billing/**} to Path
2026-02-11T21:22:52.181+05:30 DEBUG 24151 --- [api-gateway] [freshExecutor-0] o.s.c.g.r.RouteDefinitionRouteLocator    : RouteDefinition billing-service applying filter {_genkey_0=/api/billing/(?<segment>.*), _genkey_1=/${segment}} to RewritePath
2026-02-11T21:22:52.181+05:30 DEBUG 24151 --- [api-gateway] [freshExecutor-0] o.s.c.g.r.RouteDefinitionRouteLocator    : RouteDefinition matched: billing-service
2026-02-11T21:22:52.181+05:30 DEBUG 24151 --- [api-gateway] [freshExecutor-0] o.s.c.g.r.RouteDefinitionRouteLocator    : RouteDefinition iam-service applying {_genkey_0=/api/auth/**} to Path
2026-02-11T21:22:52.181+05:30 DEBUG 24151 --- [api-gateway] [freshExecutor-0] o.s.c.g.r.RouteDefinitionRouteLocator    : RouteDefinition iam-service applying filter {_genkey_0=/api/auth/(?<segment>.*), _genkey_1=/${segment}} to RewritePath
2026-02-11T21:22:52.181+05:30 DEBUG 24151 --- [api-gateway] [freshExecutor-0] o.s.c.g.r.RouteDefinitionRouteLocator    : RouteDefinition matched: iam-service
2026-02-11T21:22:52.182+05:30 DEBUG 24151 --- [api-gateway] [freshExecutor-0] o.s.c.g.filter.GatewayMetricsFilter      : New routes count: 5
2026-02-11T21:23:22.191+05:30 DEBUG 24151 --- [api-gateway] [freshExecutor-0] o.s.c.g.r.RouteDefinitionRouteLocator    : RouteDefinition ReactiveCompositeDiscoveryClient_API-GATEWAY applying {pattern=/api-gateway/**} to Path
2026-02-11T21:23:22.192+05:30 DEBUG 24151 --- [api-gateway] [freshExecutor-0] o.s.c.g.r.RouteDefinitionRouteLocator    : RouteDefinition ReactiveCompositeDiscoveryClient_API-GATEWAY applying filter {regexp=/api-gateway/?(?<remaining>.*), replacement=/${remaining}} to RewritePath
2026-02-11T21:23:22.193+05:30 DEBUG 24151 --- [api-gateway] [freshExecutor-0] o.s.c.g.r.RouteDefinitionRouteLocator    : RouteDefinition matched: ReactiveCompositeDiscoveryClient_API-GATEWAY
2026-02-11T21:23:22.193+05:30 DEBUG 24151 --- [api-gateway] [freshExecutor-0] o.s.c.g.r.RouteDefinitionRouteLocator    : RouteDefinition user-service applying {_genkey_0=/api/users/**} to Path
2026-02-11T21:23:22.193+05:30 DEBUG 24151 --- [api-gateway] [freshExecutor-0] o.s.c.g.r.RouteDefinitionRouteLocator    : RouteDefinition user-service applying filter {_genkey_0=/api/users/(?<segment>.*), _genkey_1=/${segment}} to RewritePath
2026-02-11T21:23:22.194+05:30 DEBUG 24151 --- [api-gateway] [freshExecutor-0] o.s.c.g.r.RouteDefinitionRouteLocator    : RouteDefinition matched: user-service
2026-02-11T21:23:22.194+05:30 DEBUG 24151 --- [api-gateway] [freshExecutor-0] o.s.c.g.r.RouteDefinitionRouteLocator    : RouteDefinition order-service applying {_genkey_0=/api/orders/**} to Path
2026-02-11T21:23:22.194+05:30 DEBUG 24151 --- [api-gateway] [freshExecutor-0] o.s.c.g.r.RouteDefinitionRouteLocator    : RouteDefinition order-service applying filter {_genkey_0=/api/orders/(?<segment>.*), _genkey_1=/${segment}} to RewritePath
2026-02-11T21:23:22.194+05:30 DEBUG 24151 --- [api-gateway] [freshExecutor-0] o.s.c.g.r.RouteDefinitionRouteLocator    : RouteDefinition matched: order-service
2026-02-11T21:23:22.194+05:30 DEBUG 24151 --- [api-gateway] [freshExecutor-0] o.s.c.g.r.RouteDefinitionRouteLocator    : RouteDefinition billing-service applying {_genkey_0=/api/billing/**} to Path
2026-02-11T21:23:22.195+05:30 DEBUG 24151 --- [api-gateway] [freshExecutor-0] o.s.c.g.r.RouteDefinitionRouteLocator    : RouteDefinition billing-service applying filter {_genkey_0=/api/billing/(?<segment>.*), _genkey_1=/${segment}} to RewritePath
2026-02-11T21:23:22.195+05:30 DEBUG 24151 --- [api-gateway] [freshExecutor-0] o.s.c.g.r.RouteDefinitionRouteLocator    : RouteDefinition matched: billing-service
2026-02-11T21:23:22.195+05:30 DEBUG 24151 --- [api-gateway] [freshExecutor-0] o.s.c.g.r.RouteDefinitionRouteLocator    : RouteDefinition iam-service applying {_genkey_0=/api/auth/**} to Path
2026-02-11T21:23:22.195+05:30 DEBUG 24151 --- [api-gateway] [freshExecutor-0] o.s.c.g.r.RouteDefinitionRouteLocator    : RouteDefinition iam-service applying filter {_genkey_0=/api/auth/(?<segment>.*), _genkey_1=/${segment}} to RewritePath
2026-02-11T21:23:22.195+05:30 DEBUG 24151 --- [api-gateway] [freshExecutor-0] o.s.c.g.r.RouteDefinitionRouteLocator    : RouteDefinition matched: iam-service
2026-02-11T21:23:22.196+05:30 DEBUG 24151 --- [api-gateway] [freshExecutor-0] o.s.c.g.filter.GatewayMetricsFilter      : New routes count: 5
2026-02-11T21:23:52.210+05:30 DEBUG 24151 --- [api-gateway] [freshExecutor-0] o.s.c.g.r.RouteDefinitionRouteLocator    : RouteDefinition ReactiveCompositeDiscoveryClient_API-GATEWAY applying {pattern=/api-gateway/**} to Path
2026-02-11T21:23:52.211+05:30 DEBUG 24151 --- [api-gateway] [freshExecutor-0] o.s.c.g.r.RouteDefinitionRouteLocator    : RouteDefinition ReactiveCompositeDiscoveryClient_API-GATEWAY applying filter {regexp=/api-gateway/?(?<remaining>.*), replacement=/${remaining}} to RewritePath
2026-02-11T21:23:52.212+05:30 DEBUG 24151 --- [api-gateway] [freshExecutor-0] o.s.c.g.r.RouteDefinitionRouteLocator    : RouteDefinition matched: ReactiveCompositeDiscoveryClient_API-GATEWAY
2026-02-11T21:23:52.212+05:30 DEBUG 24151 --- [api-gateway] [freshExecutor-0] o.s.c.g.r.RouteDefinitionRouteLocator    : RouteDefinition user-service applying {_genkey_0=/api/users/**} to Path
2026-02-11T21:23:52.212+05:30 DEBUG 24151 --- [api-gateway] [freshExecutor-0] o.s.c.g.r.RouteDefinitionRouteLocator    : RouteDefinition user-service applying filter {_genkey_0=/api/users/(?<segment>.*), _genkey_1=/${segment}} to RewritePath
2026-02-11T21:23:52.212+05:30 DEBUG 24151 --- [api-gateway] [freshExecutor-0] o.s.c.g.r.RouteDefinitionRouteLocator    : RouteDefinition matched: user-service
2026-02-11T21:23:52.212+05:30 DEBUG 24151 --- [api-gateway] [freshExecutor-0] o.s.c.g.r.RouteDefinitionRouteLocator    : RouteDefinition order-service applying {_genkey_0=/api/orders/**} to Path
2026-02-11T21:23:52.213+05:30 DEBUG 24151 --- [api-gateway] [freshExecutor-0] o.s.c.g.r.RouteDefinitionRouteLocator    : RouteDefinition order-service applying filter {_genkey_0=/api/orders/(?<segment>.*), _genkey_1=/${segment}} to RewritePath
2026-02-11T21:23:52.213+05:30 DEBUG 24151 --- [api-gateway] [freshExecutor-0] o.s.c.g.r.RouteDefinitionRouteLocator    : RouteDefinition matched: order-service
2026-02-11T21:23:52.213+05:30 DEBUG 24151 --- [api-gateway] [freshExecutor-0] o.s.c.g.r.RouteDefinitionRouteLocator    : RouteDefinition billing-service applying {_genkey_0=/api/billing/**} to Path
2026-02-11T21:23:52.213+05:30 DEBUG 24151 --- [api-gateway] [freshExecutor-0] o.s.c.g.r.RouteDefinitionRouteLocator    : RouteDefinition billing-service applying filter {_genkey_0=/api/billing/(?<segment>.*), _genkey_1=/${segment}} to RewritePath
2026-02-11T21:23:52.214+05:30 DEBUG 24151 --- [api-gateway] [freshExecutor-0] o.s.c.g.r.RouteDefinitionRouteLocator    : RouteDefinition matched: billing-service
2026-02-11T21:23:52.214+05:30 DEBUG 24151 --- [api-gateway] [freshExecutor-0] o.s.c.g.r.RouteDefinitionRouteLocator    : RouteDefinition iam-service applying {_genkey_0=/api/auth/**} to Path
2026-02-11T21:23:52.214+05:30 DEBUG 24151 --- [api-gateway] [freshExecutor-0] o.s.c.g.r.RouteDefinitionRouteLocator    : RouteDefinition iam-service applying filter {_genkey_0=/api/auth/(?<segment>.*), _genkey_1=/${segment}} to RewritePath
2026-02-11T21:23:52.214+05:30 DEBUG 24151 --- [api-gateway] [freshExecutor-0] o.s.c.g.r.RouteDefinitionRouteLocator    : RouteDefinition matched: iam-service
2026-02-11T21:23:52.215+05:30 DEBUG 24151 --- [api-gateway] [freshExecutor-0] o.s.c.g.filter.GatewayMetricsFilter      : New routes count: 5
2026-02-11T21:24:22.222+05:30 DEBUG 24151 --- [api-gateway] [freshExecutor-0] o.s.c.g.r.RouteDefinitionRouteLocator    : RouteDefinition ReactiveCompositeDiscoveryClient_API-GATEWAY applying {pattern=/api-gateway/**} to Path
2026-02-11T21:24:22.224+05:30 DEBUG 24151 --- [api-gateway] [freshExecutor-0] o.s.c.g.r.RouteDefinitionRouteLocator    : RouteDefinition ReactiveCompositeDiscoveryClient_API-GATEWAY applying filter {regexp=/api-gateway/?(?<remaining>.*), replacement=/${remaining}} to RewritePath
2026-02-11T21:24:22.225+05:30 DEBUG 24151 --- [api-gateway] [freshExecutor-0] o.s.c.g.r.RouteDefinitionRouteLocator    : RouteDefinition matched: ReactiveCompositeDiscoveryClient_API-GATEWAY
2026-02-11T21:24:22.225+05:30 DEBUG 24151 --- [api-gateway] [freshExecutor-0] o.s.c.g.r.RouteDefinitionRouteLocator    : RouteDefinition user-service applying {_genkey_0=/api/users/**} to Path
2026-02-11T21:24:22.225+05:30 DEBUG 24151 --- [api-gateway] [freshExecutor-0] o.s.c.g.r.RouteDefinitionRouteLocator    : RouteDefinition user-service applying filter {_genkey_0=/api/users/(?<segment>.*), _genkey_1=/${segment}} to RewritePath
2026-02-11T21:24:22.225+05:30 DEBUG 24151 --- [api-gateway] [freshExecutor-0] o.s.c.g.r.RouteDefinitionRouteLocator    : RouteDefinition matched: user-service
2026-02-11T21:24:22.225+05:30 DEBUG 24151 --- [api-gateway] [freshExecutor-0] o.s.c.g.r.RouteDefinitionRouteLocator    : RouteDefinition order-service applying {_genkey_0=/api/orders/**} to Path
2026-02-11T21:24:22.225+05:30 DEBUG 24151 --- [api-gateway] [freshExecutor-0] o.s.c.g.r.RouteDefinitionRouteLocator    : RouteDefinition order-service applying filter {_genkey_0=/api/orders/(?<segment>.*), _genkey_1=/${segment}} to RewritePath
2026-02-11T21:24:22.225+05:30 DEBUG 24151 --- [api-gateway] [freshExecutor-0] o.s.c.g.r.RouteDefinitionRouteLocator    : RouteDefinition matched: order-service
2026-02-11T21:24:22.225+05:30 DEBUG 24151 --- [api-gateway] [freshExecutor-0] o.s.c.g.r.RouteDefinitionRouteLocator    : RouteDefinition billing-service applying {_genkey_0=/api/billing/**} to Path
2026-02-11T21:24:22.226+05:30 DEBUG 24151 --- [api-gateway] [freshExecutor-0] o.s.c.g.r.RouteDefinitionRouteLocator    : RouteDefinition billing-service applying filter {_genkey_0=/api/billing/(?<segment>.*), _genkey_1=/${segment}} to RewritePath
2026-02-11T21:24:22.226+05:30 DEBUG 24151 --- [api-gateway] [freshExecutor-0] o.s.c.g.r.RouteDefinitionRouteLocator    : RouteDefinition matched: billing-service
2026-02-11T21:24:22.226+05:30 DEBUG 24151 --- [api-gateway] [freshExecutor-0] o.s.c.g.r.RouteDefinitionRouteLocator    : RouteDefinition iam-service applying {_genkey_0=/api/auth/**} to Path
2026-02-11T21:24:22.226+05:30 DEBUG 24151 --- [api-gateway] [freshExecutor-0] o.s.c.g.r.RouteDefinitionRouteLocator    : RouteDefinition iam-service applying filter {_genkey_0=/api/auth/(?<segment>.*), _genkey_1=/${segment}} to RewritePath
2026-02-11T21:24:22.226+05:30 DEBUG 24151 --- [api-gateway] [freshExecutor-0] o.s.c.g.r.RouteDefinitionRouteLocator    : RouteDefinition matched: iam-service
2026-02-11T21:24:22.226+05:30 DEBUG 24151 --- [api-gateway] [freshExecutor-0] o.s.c.g.filter.GatewayMetricsFilter      : New routes count: 5
2026-02-11T21:24:52.239+05:30 DEBUG 24151 --- [api-gateway] [freshExecutor-0] o.s.c.g.r.RouteDefinitionRouteLocator    : RouteDefinition ReactiveCompositeDiscoveryClient_API-GATEWAY applying {pattern=/api-gateway/**} to Path
2026-02-11T21:24:52.241+05:30 DEBUG 24151 --- [api-gateway] [freshExecutor-0] o.s.c.g.r.RouteDefinitionRouteLocator    : RouteDefinition ReactiveCompositeDiscoveryClient_API-GATEWAY applying filter {regexp=/api-gateway/?(?<remaining>.*), replacement=/${remaining}} to RewritePath
2026-02-11T21:24:52.242+05:30 DEBUG 24151 --- [api-gateway] [freshExecutor-0] o.s.c.g.r.RouteDefinitionRouteLocator    : RouteDefinition matched: ReactiveCompositeDiscoveryClient_API-GATEWAY
2026-02-11T21:24:52.242+05:30 DEBUG 24151 --- [api-gateway] [freshExecutor-0] o.s.c.g.r.RouteDefinitionRouteLocator    : RouteDefinition user-service applying {_genkey_0=/api/users/**} to Path
2026-02-11T21:24:52.242+05:30 DEBUG 24151 --- [api-gateway] [freshExecutor-0] o.s.c.g.r.RouteDefinitionRouteLocator    : RouteDefinition user-service applying filter {_genkey_0=/api/users/(?<segment>.*), _genkey_1=/${segment}} to RewritePath
2026-02-11T21:24:52.242+05:30 DEBUG 24151 --- [api-gateway] [freshExecutor-0] o.s.c.g.r.RouteDefinitionRouteLocator    : RouteDefinition matched: user-service
2026-02-11T21:24:52.242+05:30 DEBUG 24151 --- [api-gateway] [freshExecutor-0] o.s.c.g.r.RouteDefinitionRouteLocator    : RouteDefinition order-service applying {_genkey_0=/api/orders/**} to Path
2026-02-11T21:24:52.243+05:30 DEBUG 24151 --- [api-gateway] [freshExecutor-0] o.s.c.g.r.RouteDefinitionRouteLocator    : RouteDefinition order-service applying filter {_genkey_0=/api/orders/(?<segment>.*), _genkey_1=/${segment}} to RewritePath
2026-02-11T21:24:52.243+05:30 DEBUG 24151 --- [api-gateway] [freshExecutor-0] o.s.c.g.r.RouteDefinitionRouteLocator    : RouteDefinition matched: order-service
2026-02-11T21:24:52.243+05:30 DEBUG 24151 --- [api-gateway] [freshExecutor-0] o.s.c.g.r.RouteDefinitionRouteLocator    : RouteDefinition billing-service applying {_genkey_0=/api/billing/**} to Path
2026-02-11T21:24:52.243+05:30 DEBUG 24151 --- [api-gateway] [freshExecutor-0] o.s.c.g.r.RouteDefinitionRouteLocator    : RouteDefinition billing-service applying filter {_genkey_0=/api/billing/(?<segment>.*), _genkey_1=/${segment}} to RewritePath
2026-02-11T21:24:52.243+05:30 DEBUG 24151 --- [api-gateway] [freshExecutor-0] o.s.c.g.r.RouteDefinitionRouteLocator    : RouteDefinition matched: billing-service
2026-02-11T21:24:52.243+05:30 DEBUG 24151 --- [api-gateway] [freshExecutor-0] o.s.c.g.r.RouteDefinitionRouteLocator    : RouteDefinition iam-service applying {_genkey_0=/api/auth/**} to Path
2026-02-11T21:24:52.244+05:30 DEBUG 24151 --- [api-gateway] [freshExecutor-0] o.s.c.g.r.RouteDefinitionRouteLocator    : RouteDefinition iam-service applying filter {_genkey_0=/api/auth/(?<segment>.*), _genkey_1=/${segment}} to RewritePath
2026-02-11T21:24:52.244+05:30 DEBUG 24151 --- [api-gateway] [freshExecutor-0] o.s.c.g.r.RouteDefinitionRouteLocator    : RouteDefinition matched: iam-service
2026-02-11T21:24:52.245+05:30 DEBUG 24151 --- [api-gateway] [freshExecutor-0] o.s.c.g.filter.GatewayMetricsFilter      : New routes count: 5
2026-02-11T21:25:22.252+05:30 DEBUG 24151 --- [api-gateway] [freshExecutor-0] o.s.c.g.r.RouteDefinitionRouteLocator    : RouteDefinition ReactiveCompositeDiscoveryClient_API-GATEWAY applying {pattern=/api-gateway/**} to Path
2026-02-11T21:25:22.253+05:30 DEBUG 24151 --- [api-gateway] [freshExecutor-0] o.s.c.g.r.RouteDefinitionRouteLocator    : RouteDefinition ReactiveCompositeDiscoveryClient_API-GATEWAY applying filter {regexp=/api-gateway/?(?<remaining>.*), replacement=/${remaining}} to RewritePath
2026-02-11T21:25:22.253+05:30 DEBUG 24151 --- [api-gateway] [freshExecutor-0] o.s.c.g.r.RouteDefinitionRouteLocator    : RouteDefinition matched: ReactiveCompositeDiscoveryClient_API-GATEWAY
2026-02-11T21:25:22.253+05:30 DEBUG 24151 --- [api-gateway] [freshExecutor-0] o.s.c.g.r.RouteDefinitionRouteLocator    : RouteDefinition user-service applying {_genkey_0=/api/users/**} to Path
2026-02-11T21:25:22.253+05:30 DEBUG 24151 --- [api-gateway] [freshExecutor-0] o.s.c.g.r.RouteDefinitionRouteLocator    : RouteDefinition user-service applying filter {_genkey_0=/api/users/(?<segment>.*), _genkey_1=/${segment}} to RewritePath
2026-02-11T21:25:22.253+05:30 DEBUG 24151 --- [api-gateway] [freshExecutor-0] o.s.c.g.r.RouteDefinitionRouteLocator    : RouteDefinition matched: user-service
2026-02-11T21:25:22.253+05:30 DEBUG 24151 --- [api-gateway] [freshExecutor-0] o.s.c.g.r.RouteDefinitionRouteLocator    : RouteDefinition order-service applying {_genkey_0=/api/orders/**} to Path
2026-02-11T21:25:22.253+05:30 DEBUG 24151 --- [api-gateway] [freshExecutor-0] o.s.c.g.r.RouteDefinitionRouteLocator    : RouteDefinition order-service applying filter {_genkey_0=/api/orders/(?<segment>.*), _genkey_1=/${segment}} to RewritePath
2026-02-11T21:25:22.254+05:30 DEBUG 24151 --- [api-gateway] [freshExecutor-0] o.s.c.g.r.RouteDefinitionRouteLocator    : RouteDefinition matched: order-service
2026-02-11T21:25:22.254+05:30 DEBUG 24151 --- [api-gateway] [freshExecutor-0] o.s.c.g.r.RouteDefinitionRouteLocator    : RouteDefinition billing-service applying {_genkey_0=/api/billing/**} to Path
2026-02-11T21:25:22.254+05:30 DEBUG 24151 --- [api-gateway] [freshExecutor-0] o.s.c.g.r.RouteDefinitionRouteLocator    : RouteDefinition billing-service applying filter {_genkey_0=/api/billing/(?<segment>.*), _genkey_1=/${segment}} to RewritePath
2026-02-11T21:25:22.254+05:30 DEBUG 24151 --- [api-gateway] [freshExecutor-0] o.s.c.g.r.RouteDefinitionRouteLocator    : RouteDefinition matched: billing-service
2026-02-11T21:25:22.254+05:30 DEBUG 24151 --- [api-gateway] [freshExecutor-0] o.s.c.g.r.RouteDefinitionRouteLocator    : RouteDefinition iam-service applying {_genkey_0=/api/auth/**} to Path
2026-02-11T21:25:22.254+05:30 DEBUG 24151 --- [api-gateway] [freshExecutor-0] o.s.c.g.r.RouteDefinitionRouteLocator    : RouteDefinition iam-service applying filter {_genkey_0=/api/auth/(?<segment>.*), _genkey_1=/${segment}} to RewritePath
2026-02-11T21:25:22.254+05:30 DEBUG 24151 --- [api-gateway] [freshExecutor-0] o.s.c.g.r.RouteDefinitionRouteLocator    : RouteDefinition matched: iam-service
2026-02-11T21:25:22.254+05:30 DEBUG 24151 --- [api-gateway] [freshExecutor-0] o.s.c.g.filter.GatewayMetricsFilter      : New routes count: 5
2026-02-11T21:25:52.270+05:30 DEBUG 24151 --- [api-gateway] [freshExecutor-0] o.s.c.g.r.RouteDefinitionRouteLocator    : RouteDefinition ReactiveCompositeDiscoveryClient_API-GATEWAY applying {pattern=/api-gateway/**} to Path
2026-02-11T21:25:52.276+05:30 DEBUG 24151 --- [api-gateway] [freshExecutor-0] o.s.c.g.r.RouteDefinitionRouteLocator    : RouteDefinition ReactiveCompositeDiscoveryClient_API-GATEWAY applying filter {regexp=/api-gateway/?(?<remaining>.*), replacement=/${remaining}} to RewritePath
2026-02-11T21:25:52.278+05:30 DEBUG 24151 --- [api-gateway] [freshExecutor-0] o.s.c.g.r.RouteDefinitionRouteLocator    : RouteDefinition matched: ReactiveCompositeDiscoveryClient_API-GATEWAY
2026-02-11T21:25:52.278+05:30 DEBUG 24151 --- [api-gateway] [freshExecutor-0] o.s.c.g.r.RouteDefinitionRouteLocator    : RouteDefinition user-service applying {_genkey_0=/api/users/**} to Path
2026-02-11T21:25:52.279+05:30 DEBUG 24151 --- [api-gateway] [freshExecutor-0] o.s.c.g.r.RouteDefinitionRouteLocator    : RouteDefinition user-service applying filter {_genkey_0=/api/users/(?<segment>.*), _genkey_1=/${segment}} to RewritePath
2026-02-11T21:25:52.279+05:30 DEBUG 24151 --- [api-gateway] [freshExecutor-0] o.s.c.g.r.RouteDefinitionRouteLocator    : RouteDefinition matched: user-service
2026-02-11T21:25:52.279+05:30 DEBUG 24151 --- [api-gateway] [freshExecutor-0] o.s.c.g.r.RouteDefinitionRouteLocator    : RouteDefinition order-service applying {_genkey_0=/api/orders/**} to Path
2026-02-11T21:25:52.279+05:30 DEBUG 24151 --- [api-gateway] [freshExecutor-0] o.s.c.g.r.RouteDefinitionRouteLocator    : RouteDefinition order-service applying filter {_genkey_0=/api/orders/(?<segment>.*), _genkey_1=/${segment}} to RewritePath
2026-02-11T21:25:52.280+05:30 DEBUG 24151 --- [api-gateway] [freshExecutor-0] o.s.c.g.r.RouteDefinitionRouteLocator    : RouteDefinition matched: order-service
2026-02-11T21:25:52.280+05:30 DEBUG 24151 --- [api-gateway] [freshExecutor-0] o.s.c.g.r.RouteDefinitionRouteLocator    : RouteDefinition billing-service applying {_genkey_0=/api/billing/**} to Path
2026-02-11T21:25:52.280+05:30 DEBUG 24151 --- [api-gateway] [freshExecutor-0] o.s.c.g.r.RouteDefinitionRouteLocator    : RouteDefinition billing-service applying filter {_genkey_0=/api/billing/(?<segment>.*), _genkey_1=/${segment}} to RewritePath
2026-02-11T21:25:52.281+05:30 DEBUG 24151 --- [api-gateway] [freshExecutor-0] o.s.c.g.r.RouteDefinitionRouteLocator    : RouteDefinition matched: billing-service
2026-02-11T21:25:52.281+05:30 DEBUG 24151 --- [api-gateway] [freshExecutor-0] o.s.c.g.r.RouteDefinitionRouteLocator    : RouteDefinition iam-service applying {_genkey_0=/api/auth/**} to Path
2026-02-11T21:25:52.281+05:30 DEBUG 24151 --- [api-gateway] [freshExecutor-0] o.s.c.g.r.RouteDefinitionRouteLocator    : RouteDefinition iam-service applying filter {_genkey_0=/api/auth/(?<segment>.*), _genkey_1=/${segment}} to RewritePath
2026-02-11T21:25:52.281+05:30 DEBUG 24151 --- [api-gateway] [freshExecutor-0] o.s.c.g.r.RouteDefinitionRouteLocator    : RouteDefinition matched: iam-service
2026-02-11T21:25:52.282+05:30 DEBUG 24151 --- [api-gateway] [freshExecutor-0] o.s.c.g.filter.GatewayMetricsFilter      : New routes count: 5
2026-02-11T21:26:22.296+05:30 DEBUG 24151 --- [api-gateway] [freshExecutor-0] o.s.c.g.r.RouteDefinitionRouteLocator    : RouteDefinition ReactiveCompositeDiscoveryClient_API-GATEWAY applying {pattern=/api-gateway/**} to Path
2026-02-11T21:26:22.297+05:30 DEBUG 24151 --- [api-gateway] [freshExecutor-0] o.s.c.g.r.RouteDefinitionRouteLocator    : RouteDefinition ReactiveCompositeDiscoveryClient_API-GATEWAY applying filter {regexp=/api-gateway/?(?<remaining>.*), replacement=/${remaining}} to RewritePath
2026-02-11T21:26:22.298+05:30 DEBUG 24151 --- [api-gateway] [freshExecutor-0] o.s.c.g.r.RouteDefinitionRouteLocator    : RouteDefinition matched: ReactiveCompositeDiscoveryClient_API-GATEWAY
2026-02-11T21:26:22.298+05:30 DEBUG 24151 --- [api-gateway] [freshExecutor-0] o.s.c.g.r.RouteDefinitionRouteLocator    : RouteDefinition user-service applying {_genkey_0=/api/users/**} to Path
2026-02-11T21:26:22.298+05:30 DEBUG 24151 --- [api-gateway] [freshExecutor-0] o.s.c.g.r.RouteDefinitionRouteLocator    : RouteDefinition user-service applying filter {_genkey_0=/api/users/(?<segment>.*), _genkey_1=/${segment}} to RewritePath
2026-02-11T21:26:22.299+05:30 DEBUG 24151 --- [api-gateway] [freshExecutor-0] o.s.c.g.r.RouteDefinitionRouteLocator    : RouteDefinition matched: user-service
2026-02-11T21:26:22.299+05:30 DEBUG 24151 --- [api-gateway] [freshExecutor-0] o.s.c.g.r.RouteDefinitionRouteLocator    : RouteDefinition order-service applying {_genkey_0=/api/orders/**} to Path
2026-02-11T21:26:22.299+05:30 DEBUG 24151 --- [api-gateway] [freshExecutor-0] o.s.c.g.r.RouteDefinitionRouteLocator    : RouteDefinition order-service applying filter {_genkey_0=/api/orders/(?<segment>.*), _genkey_1=/${segment}} to RewritePath
2026-02-11T21:26:22.299+05:30 DEBUG 24151 --- [api-gateway] [freshExecutor-0] o.s.c.g.r.RouteDefinitionRouteLocator    : RouteDefinition matched: order-service
2026-02-11T21:26:22.299+05:30 DEBUG 24151 --- [api-gateway] [freshExecutor-0] o.s.c.g.r.RouteDefinitionRouteLocator    : RouteDefinition billing-service applying {_genkey_0=/api/billing/**} to Path
2026-02-11T21:26:22.299+05:30 DEBUG 24151 --- [api-gateway] [freshExecutor-0] o.s.c.g.r.RouteDefinitionRouteLocator    : RouteDefinition billing-service applying filter {_genkey_0=/api/billing/(?<segment>.*), _genkey_1=/${segment}} to RewritePath
2026-02-11T21:26:22.300+05:30 DEBUG 24151 --- [api-gateway] [freshExecutor-0] o.s.c.g.r.RouteDefinitionRouteLocator    : RouteDefinition matched: billing-service
2026-02-11T21:26:22.300+05:30 DEBUG 24151 --- [api-gateway] [freshExecutor-0] o.s.c.g.r.RouteDefinitionRouteLocator    : RouteDefinition iam-service applying {_genkey_0=/api/auth/**} to Path
2026-02-11T21:26:22.300+05:30 DEBUG 24151 --- [api-gateway] [freshExecutor-0] o.s.c.g.r.RouteDefinitionRouteLocator    : RouteDefinition iam-service applying filter {_genkey_0=/api/auth/(?<segment>.*), _genkey_1=/${segment}} to RewritePath
2026-02-11T21:26:22.300+05:30 DEBUG 24151 --- [api-gateway] [freshExecutor-0] o.s.c.g.r.RouteDefinitionRouteLocator    : RouteDefinition matched: iam-service
2026-02-11T21:26:22.301+05:30 DEBUG 24151 --- [api-gateway] [freshExecutor-0] o.s.c.g.filter.GatewayMetricsFilter      : New routes count: 5
2026-02-11T21:26:51.311+05:30  INFO 24151 --- [api-gateway] [trap-executor-0] c.n.d.s.r.aws.ConfigClusterResolver      : Resolving eureka endpoints via configuration
2026-02-11T21:26:52.326+05:30 DEBUG 24151 --- [api-gateway] [freshExecutor-0] o.s.c.g.r.RouteDefinitionRouteLocator    : RouteDefinition ReactiveCompositeDiscoveryClient_API-GATEWAY applying {pattern=/api-gateway/**} to Path
2026-02-11T21:26:52.326+05:30 DEBUG 24151 --- [api-gateway] [freshExecutor-0] o.s.c.g.r.RouteDefinitionRouteLocator    : RouteDefinition ReactiveCompositeDiscoveryClient_API-GATEWAY applying filter {regexp=/api-gateway/?(?<remaining>.*), replacement=/${remaining}} to RewritePath
2026-02-11T21:26:52.327+05:30 DEBUG 24151 --- [api-gateway] [freshExecutor-0] o.s.c.g.r.RouteDefinitionRouteLocator    : RouteDefinition matched: ReactiveCompositeDiscoveryClient_API-GATEWAY
2026-02-11T21:26:52.327+05:30 DEBUG 24151 --- [api-gateway] [freshExecutor-0] o.s.c.g.r.RouteDefinitionRouteLocator    : RouteDefinition user-service applying {_genkey_0=/api/users/**} to Path
2026-02-11T21:26:52.327+05:30 DEBUG 24151 --- [api-gateway] [freshExecutor-0] o.s.c.g.r.RouteDefinitionRouteLocator    : RouteDefinition user-service applying filter {_genkey_0=/api/users/(?<segment>.*), _genkey_1=/${segment}} to RewritePath
2026-02-11T21:26:52.328+05:30 DEBUG 24151 --- [api-gateway] [freshExecutor-0] o.s.c.g.r.RouteDefinitionRouteLocator    : RouteDefinition matched: user-service
2026-02-11T21:26:52.328+05:30 DEBUG 24151 --- [api-gateway] [freshExecutor-0] o.s.c.g.r.RouteDefinitionRouteLocator    : RouteDefinition order-service applying {_genkey_0=/api/orders/**} to Path
2026-02-11T21:26:52.328+05:30 DEBUG 24151 --- [api-gateway] [freshExecutor-0] o.s.c.g.r.RouteDefinitionRouteLocator    : RouteDefinition order-service applying filter {_genkey_0=/api/orders/(?<segment>.*), _genkey_1=/${segment}} to RewritePath
2026-02-11T21:26:52.329+05:30 DEBUG 24151 --- [api-gateway] [freshExecutor-0] o.s.c.g.r.RouteDefinitionRouteLocator    : RouteDefinition matched: order-service
2026-02-11T21:26:52.329+05:30 DEBUG 24151 --- [api-gateway] [freshExecutor-0] o.s.c.g.r.RouteDefinitionRouteLocator    : RouteDefinition billing-service applying {_genkey_0=/api/billing/**} to Path
2026-02-11T21:26:52.329+05:30 DEBUG 24151 --- [api-gateway] [freshExecutor-0] o.s.c.g.r.RouteDefinitionRouteLocator    : RouteDefinition billing-service applying filter {_genkey_0=/api/billing/(?<segment>.*), _genkey_1=/${segment}} to RewritePath
2026-02-11T21:26:52.329+05:30 DEBUG 24151 --- [api-gateway] [freshExecutor-0] o.s.c.g.r.RouteDefinitionRouteLocator    : RouteDefinition matched: billing-service
2026-02-11T21:26:52.329+05:30 DEBUG 24151 --- [api-gateway] [freshExecutor-0] o.s.c.g.r.RouteDefinitionRouteLocator    : RouteDefinition iam-service applying {_genkey_0=/api/auth/**} to Path
2026-02-11T21:26:52.330+05:30 DEBUG 24151 --- [api-gateway] [freshExecutor-0] o.s.c.g.r.RouteDefinitionRouteLocator    : RouteDefinition iam-service applying filter {_genkey_0=/api/auth/(?<segment>.*), _genkey_1=/${segment}} to RewritePath
2026-02-11T21:26:52.330+05:30 DEBUG 24151 --- [api-gateway] [freshExecutor-0] o.s.c.g.r.RouteDefinitionRouteLocator    : RouteDefinition matched: iam-service
2026-02-11T21:26:52.331+05:30 DEBUG 24151 --- [api-gateway] [freshExecutor-0] o.s.c.g.filter.GatewayMetricsFilter      : New routes count: 5
